-- MySQL dump 10.13  Distrib 8.3.0, for macos14.2 (arm64)
--
-- Host: 127.0.0.1    Database: aeromot_rh
-- ------------------------------------------------------
-- Server version	8.4.0

/*!40101 SET @OLD_CHARACTER_SET_CLIENT=@@CHARACTER_SET_CLIENT */;
/*!40101 SET @OLD_CHARACTER_SET_RESULTS=@@CHARACTER_SET_RESULTS */;
/*!40101 SET @OLD_COLLATION_CONNECTION=@@COLLATION_CONNECTION */;
/*!50503 SET NAMES utf8mb4 */;
/*!40103 SET @OLD_TIME_ZONE=@@TIME_ZONE */;
/*!40103 SET TIME_ZONE='+00:00' */;
/*!40014 SET @OLD_UNIQUE_CHECKS=@@UNIQUE_CHECKS, UNIQUE_CHECKS=0 */;
/*!40014 SET @OLD_FOREIGN_KEY_CHECKS=@@FOREIGN_KEY_CHECKS, FOREIGN_KEY_CHECKS=0 */;
/*!40101 SET @OLD_SQL_MODE=@@SQL_MODE, SQL_MODE='NO_AUTO_VALUE_ON_ZERO' */;
/*!40111 SET @OLD_SQL_NOTES=@@SQL_NOTES, SQL_NOTES=0 */;

--
-- Table structure for table `cache`
--

DROP TABLE IF EXISTS `cache`;
/*!40101 SET @saved_cs_client     = @@character_set_client */;
/*!50503 SET character_set_client = utf8mb4 */;
CREATE TABLE `cache` (
  `key` varchar(255) COLLATE utf8mb4_unicode_ci NOT NULL,
  `value` mediumtext COLLATE utf8mb4_unicode_ci NOT NULL,
  `expiration` int NOT NULL,
  PRIMARY KEY (`key`)
) ENGINE=InnoDB DEFAULT CHARSET=utf8mb4 COLLATE=utf8mb4_unicode_ci;
/*!40101 SET character_set_client = @saved_cs_client */;

--
-- Dumping data for table `cache`
--

LOCK TABLES `cache` WRITE;
/*!40000 ALTER TABLE `cache` DISABLE KEYS */;
INSERT INTO `cache` VALUES ('056fc329aaaa757d31db450f525da23fde4d1b36','i:1;',1719696598),('056fc329aaaa757d31db450f525da23fde4d1b36:timer','i:1719696598;',1719696598),('a17961fa74e9275d529f489537f179c05d50c2f3','i:1;',1719631800),('a17961fa74e9275d529f489537f179c05d50c2f3:timer','i:1719631800;',1719631800),('spatie.permission.cache','a:3:{s:5:\"alias\";a:4:{s:1:\"a\";s:2:\"id\";s:1:\"b\";s:4:\"name\";s:1:\"c\";s:10:\"guard_name\";s:1:\"r\";s:5:\"roles\";}s:11:\"permissions\";a:5:{i:0;a:4:{s:1:\"a\";i:1;s:1:\"b\";s:16:\"user_permissions\";s:1:\"c\";s:3:\"web\";s:1:\"r\";a:1:{i:0;i:1;}}i:1;a:4:{s:1:\"a\";i:2;s:1:\"b\";s:16:\"role_permissions\";s:1:\"c\";s:3:\"web\";s:1:\"r\";a:1:{i:0;i:1;}}i:2;a:4:{s:1:\"a\";i:3;s:1:\"b\";s:22:\"permission_permissions\";s:1:\"c\";s:3:\"web\";s:1:\"r\";a:1:{i:0;i:1;}}i:3;a:4:{s:1:\"a\";i:4;s:1:\"b\";s:21:\"feed_back_permissions\";s:1:\"c\";s:3:\"web\";s:1:\"r\";a:2:{i:0;i:1;i:1;i:2;}}i:4;a:4:{s:1:\"a\";i:5;s:1:\"b\";s:33:\"feedback_professional_permissions\";s:1:\"c\";s:3:\"web\";s:1:\"r\";a:2:{i:0;i:1;i:1;i:3;}}}s:5:\"roles\";a:3:{i:0;a:3:{s:1:\"a\";i:1;s:1:\"b\";s:5:\"Admin\";s:1:\"c\";s:3:\"web\";}i:1;a:3:{s:1:\"a\";i:2;s:1:\"b\";s:6:\"Gestor\";s:1:\"c\";s:3:\"web\";}i:2;a:3:{s:1:\"a\";i:3;s:1:\"b\";s:12:\"Profissional\";s:1:\"c\";s:3:\"web\";}}}',1719721664);
/*!40000 ALTER TABLE `cache` ENABLE KEYS */;
UNLOCK TABLES;

--
-- Table structure for table `cache_locks`
--

DROP TABLE IF EXISTS `cache_locks`;
/*!40101 SET @saved_cs_client     = @@character_set_client */;
/*!50503 SET character_set_client = utf8mb4 */;
CREATE TABLE `cache_locks` (
  `key` varchar(255) COLLATE utf8mb4_unicode_ci NOT NULL,
  `owner` varchar(255) COLLATE utf8mb4_unicode_ci NOT NULL,
  `expiration` int NOT NULL,
  PRIMARY KEY (`key`)
) ENGINE=InnoDB DEFAULT CHARSET=utf8mb4 COLLATE=utf8mb4_unicode_ci;
/*!40101 SET character_set_client = @saved_cs_client */;

--
-- Dumping data for table `cache_locks`
--

LOCK TABLES `cache_locks` WRITE;
/*!40000 ALTER TABLE `cache_locks` DISABLE KEYS */;
/*!40000 ALTER TABLE `cache_locks` ENABLE KEYS */;
UNLOCK TABLES;

--
-- Table structure for table `failed_jobs`
--

DROP TABLE IF EXISTS `failed_jobs`;
/*!40101 SET @saved_cs_client     = @@character_set_client */;
/*!50503 SET character_set_client = utf8mb4 */;
CREATE TABLE `failed_jobs` (
  `id` bigint unsigned NOT NULL AUTO_INCREMENT,
  `uuid` varchar(255) COLLATE utf8mb4_unicode_ci NOT NULL,
  `connection` text COLLATE utf8mb4_unicode_ci NOT NULL,
  `queue` text COLLATE utf8mb4_unicode_ci NOT NULL,
  `payload` longtext COLLATE utf8mb4_unicode_ci NOT NULL,
  `exception` longtext COLLATE utf8mb4_unicode_ci NOT NULL,
  `failed_at` timestamp NOT NULL DEFAULT CURRENT_TIMESTAMP,
  PRIMARY KEY (`id`),
  UNIQUE KEY `failed_jobs_uuid_unique` (`uuid`)
) ENGINE=InnoDB DEFAULT CHARSET=utf8mb4 COLLATE=utf8mb4_unicode_ci;
/*!40101 SET character_set_client = @saved_cs_client */;

--
-- Dumping data for table `failed_jobs`
--

LOCK TABLES `failed_jobs` WRITE;
/*!40000 ALTER TABLE `failed_jobs` DISABLE KEYS */;
/*!40000 ALTER TABLE `failed_jobs` ENABLE KEYS */;
UNLOCK TABLES;

--
-- Table structure for table `feedback`
--

DROP TABLE IF EXISTS `feedback`;
/*!40101 SET @saved_cs_client     = @@character_set_client */;
/*!50503 SET character_set_client = utf8mb4 */;
CREATE TABLE `feedback` (
  `id` bigint unsigned NOT NULL AUTO_INCREMENT,
  `staf_id` bigint unsigned NOT NULL,
  `user_id` bigint unsigned NOT NULL,
  `office` varchar(255) COLLATE utf8mb4_unicode_ci DEFAULT NULL,
  `folloup` text COLLATE utf8mb4_unicode_ci,
  `positive_points` text COLLATE utf8mb4_unicode_ci,
  `improve_points` text COLLATE utf8mb4_unicode_ci,
  `expectations` text COLLATE utf8mb4_unicode_ci,
  `staffer` tinyint(1) NOT NULL DEFAULT '1',
  `observations` text COLLATE utf8mb4_unicode_ci,
  `rating` varchar(255) COLLATE utf8mb4_unicode_ci NOT NULL,
  `created_at` timestamp NULL DEFAULT NULL,
  `updated_at` timestamp NULL DEFAULT NULL,
  `execution_rating` varchar(255) COLLATE utf8mb4_unicode_ci NOT NULL,
  `execution_obs` text COLLATE utf8mb4_unicode_ci,
  `tec_know_rating` varchar(255) COLLATE utf8mb4_unicode_ci NOT NULL,
  `tec_know_obs` text COLLATE utf8mb4_unicode_ci,
  `behavioral_respect_rating` varchar(255) COLLATE utf8mb4_unicode_ci NOT NULL,
  `behavioral_proactivity_rating` varchar(255) COLLATE utf8mb4_unicode_ci NOT NULL,
  `behavioral_excellence_rating` varchar(255) COLLATE utf8mb4_unicode_ci NOT NULL,
  `behavioral_innovation_rating` varchar(255) COLLATE utf8mb4_unicode_ci NOT NULL,
  `behavioral_flexibility_rating` varchar(255) COLLATE utf8mb4_unicode_ci NOT NULL,
  `behavioral_rules_rating` varchar(255) COLLATE utf8mb4_unicode_ci NOT NULL,
  `behavioral_obs` text COLLATE utf8mb4_unicode_ci,
  `organization_planning_rating` varchar(255) COLLATE utf8mb4_unicode_ci NOT NULL,
  `organization_organization_rating` varchar(255) COLLATE utf8mb4_unicode_ci NOT NULL,
  `organization_priority_rating` varchar(255) COLLATE utf8mb4_unicode_ci NOT NULL,
  `organization_deadlines_rating` varchar(255) COLLATE utf8mb4_unicode_ci NOT NULL,
  `organization_obs` text COLLATE utf8mb4_unicode_ci,
  `evolution_obs` text COLLATE utf8mb4_unicode_ci,
  PRIMARY KEY (`id`),
  KEY `feedback_staf_id_foreign` (`staf_id`),
  KEY `feedback_user_id_foreign` (`user_id`),
  CONSTRAINT `feedback_staf_id_foreign` FOREIGN KEY (`staf_id`) REFERENCES `users` (`id`),
  CONSTRAINT `feedback_user_id_foreign` FOREIGN KEY (`user_id`) REFERENCES `users` (`id`)
) ENGINE=InnoDB AUTO_INCREMENT=13 DEFAULT CHARSET=utf8mb4 COLLATE=utf8mb4_unicode_ci;
/*!40101 SET character_set_client = @saved_cs_client */;

--
-- Dumping data for table `feedback`
--

LOCK TABLES `feedback` WRITE;
/*!40000 ALTER TABLE `feedback` DISABLE KEYS */;
INSERT INTO `feedback` VALUES (1,168,9,'in','Qui sed omnis voluptas et rem maxime assumenda. Molestias distinctio deleniti qui quasi. Quia et qui sit optio. Numquam omnis totam aliquid atque. Laborum est qui nobis.','Nesciunt totam exercitationem molestias eius. Voluptates architecto tenetur tempore officiis eveniet odit quis. Recusandae qui ut dolor tenetur excepturi.','Iste rerum dicta dolores quaerat est. Doloremque magnam autem quo id odio. Commodi soluta aliquid optio et non voluptatem ipsum.','Voluptatem et fugiat magnam quia. Perspiciatis labore est qui illum quam optio dignissimos. Quis quis aut nisi odit deleniti ut voluptatem.',0,'Sunt rerum molestiae sapiente iusto voluptatem doloremque. Atque odio consequatur minima aliquid. Vero sequi provident sequi sit.','5','2024-06-29 21:26:12','2024-06-29 21:26:12','5',NULL,'5',NULL,'5','5','5','5','5','5',NULL,'5','5','5','5',NULL,NULL),(2,53,86,'perferendis','Consequatur magnam consequatur temporibus commodi natus ut. Hic sapiente vitae excepturi mollitia aut. Aspernatur architecto quaerat voluptas.','Exercitationem maiores est nulla cumque provident corporis quasi. Iusto aliquam corrupti et quia quos voluptatem consequatur. Cum maxime aperiam voluptatem non ea molestias.','Qui quisquam odit temporibus soluta adipisci dolor pariatur. Est sunt suscipit sit quia est non ipsum quo. Alias odio blanditiis dolorum.','Non ex incidunt explicabo dolores qui. Id soluta in quo eaque beatae. Dolor similique recusandae error numquam tenetur.',0,'Beatae veritatis iusto nobis sunt. Non similique voluptatem ad tempore consequuntur. Et asperiores explicabo quo a. Nobis dolorem in accusamus ex eius. Ea ut quisquam illo quis nemo.','2','2024-06-29 21:26:22','2024-06-29 21:26:22','5',NULL,'5',NULL,'5','5','5','5','5','5',NULL,'5','5','5','5',NULL,NULL),(3,132,58,'et','Nam aspernatur illum et debitis magni facere vel. Amet eveniet ab porro animi nemo. Libero omnis tempora culpa eius unde doloribus. Provident alias consequatur eveniet sit illo illum.','Est doloremque velit nesciunt suscipit consequatur. Iste aut nihil iure magni. Quas nobis soluta blanditiis et velit. Eligendi aut aut nam. Natus hic adipisci nesciunt quam porro sit architecto at.','Fugiat ut voluptas quae fugiat dolores. Deleniti adipisci quas nihil unde laborum ad. Placeat corrupti eos vel consequatur. Sunt quia et dicta illo et et. Blanditiis nobis vel est in.','Similique impedit ipsam eos quae. Atque id amet est exercitationem beatae corporis. Blanditiis natus repudiandae alias totam asperiores enim earum consequatur. Non asperiores alias aspernatur est.',1,'Iusto nihil culpa aspernatur illum aut. Laboriosam voluptatem ullam voluptatem itaque a est. In quaerat soluta eaque et impedit voluptas dignissimos.','4','2024-06-29 21:26:23','2024-06-29 21:26:23','5',NULL,'5',NULL,'5','5','5','5','5','5',NULL,'5','5','5','5',NULL,NULL),(4,54,32,'repellendus','Est iure voluptate porro sit dolorum dicta qui dolorem. Temporibus repudiandae qui eum. Architecto amet laborum voluptas culpa.','Laborum tenetur necessitatibus ut voluptas qui et molestiae. Accusantium ipsa dolorem sapiente ut. Expedita nostrum et rerum odit eum.','Fugit dolore iusto error inventore cumque. Quis corporis possimus unde. Quaerat distinctio et quia facere neque quaerat. Eaque dicta vel ad dolor vero.','Architecto iure quia sunt nisi cumque. Dolores quis ipsum et tempora minima voluptatum et. Odit eum veniam omnis ut eum dolorum qui hic.',0,'Saepe et in nobis exercitationem. Ut sapiente tempore nemo qui voluptatum autem et. Voluptatem recusandae quidem nihil distinctio nostrum consequatur qui eaque.','2','2024-06-29 21:26:24','2024-06-29 21:26:24','5',NULL,'5',NULL,'5','5','5','5','5','5',NULL,'5','5','5','5',NULL,NULL),(5,53,114,'unde','Mollitia quia perferendis voluptates itaque iure dignissimos. Sed a architecto voluptas quos numquam. Nihil vel recusandae beatae.','Sunt provident ad aliquid facilis. Consequatur ipsum commodi eligendi velit molestiae voluptates. Ullam excepturi ut in sunt. Totam quis modi odit quod. Quia nihil qui sed officiis dolores non.','Et a aut veritatis quisquam est. A voluptas debitis natus eius adipisci tenetur explicabo. Atque unde quis ad voluptas deleniti quisquam perspiciatis.','Voluptatibus optio libero quo deleniti dignissimos impedit. Sit eaque ut velit aliquid sed numquam. Non atque perspiciatis ut voluptatem. Assumenda enim accusamus sed veritatis vel.',0,'Eaque unde nesciunt voluptates. Qui quo ad porro quo vero sit. Similique saepe reiciendis ullam beatae et ipsa.','2','2024-06-29 21:26:25','2024-06-29 21:26:25','5',NULL,'5',NULL,'5','5','5','5','5','5',NULL,'5','5','5','5',NULL,NULL),(6,56,104,'eos','Consectetur quis qui alias. Vel temporibus eos placeat beatae iste. Possimus voluptas non non dolor enim. Asperiores sequi incidunt nesciunt est omnis nemo.','Omnis quos numquam et sed qui ipsum optio. Qui ullam eos iste. Fuga aliquid fuga qui exercitationem laudantium. Voluptatem deserunt cumque aut fugiat autem.','Reiciendis deleniti temporibus nihil nihil omnis. Libero possimus rem dolorem quia in. Sed ipsum fuga qui qui. Aut est sunt excepturi enim. Veritatis dolorem eius enim expedita saepe dignissimos nam.','Quis voluptatibus qui omnis quaerat omnis. Est ut quasi harum ut earum voluptatibus. Dolorem sed totam magni cupiditate soluta.',1,'Officia ut ut itaque quibusdam. Vero maiores eius nulla minus sed sed officia. Sunt quisquam amet tempore totam aut autem quis. Aperiam vitae eveniet culpa et. Rerum at sint blanditiis voluptas nisi.','4','2024-06-29 21:26:26','2024-06-29 21:26:26','5',NULL,'5',NULL,'5','5','5','5','5','5',NULL,'5','5','5','5',NULL,NULL),(7,87,111,'non','Voluptatem autem vitae dolore voluptas quos nihil. Eos quis non sit aperiam quisquam modi tempora. Sunt eos doloribus fugiat ut nisi. Qui dolores non a ut ducimus praesentium.','Ut ea corrupti rerum et nostrum odit. Labore at non sequi sapiente mollitia et architecto. Et est inventore quia at id. Voluptas neque et non qui veritatis adipisci qui.','Omnis aut perferendis esse ut corporis. Et modi sunt vitae deleniti autem aut possimus. Sit ut labore eum at hic. Ut voluptatem provident ad eos itaque praesentium voluptas.','Quia maiores iste delectus repellat. Atque laborum aspernatur ea consequatur ut. Natus quidem earum expedita nesciunt assumenda. Fugiat rerum officia est id.',0,'Quia corporis corrupti quos doloremque iure voluptas illum. Autem ea sed quis nam.','4','2024-06-29 21:26:29','2024-06-29 21:26:29','5',NULL,'5',NULL,'5','5','5','5','5','5',NULL,'5','5','5','5',NULL,NULL),(8,132,111,'impedit','Autem sit repudiandae consequatur nesciunt. Non debitis provident voluptates. Laudantium labore qui consequatur culpa et.','Velit iste sit veniam nostrum quis. Consequatur tempore nemo ipsa velit voluptate dolor dolor et. Atque quidem ut eligendi.','Optio repellat modi corrupti ducimus non. Libero quod dolorum cum perferendis sunt. Nemo et sunt nihil sit veniam saepe temporibus quibusdam.','Et reprehenderit inventore sint eum quia. Quas aut temporibus provident delectus perspiciatis quo maiores. Et omnis culpa neque nemo et corporis autem.',1,'Voluptate est eum non ab. Ab atque non qui. Officiis reprehenderit non rerum vel. Unde aperiam animi eaque esse rerum cum. Voluptatem voluptates ipsa molestiae.','2','2024-06-29 21:26:31','2024-06-29 21:26:31','5',NULL,'5',NULL,'5','5','5','5','5','5',NULL,'5','5','5','5',NULL,NULL),(9,168,14,'reprehenderit','Praesentium ut fuga quisquam aut. Et reprehenderit autem autem dolorem quae blanditiis.','Fugiat tenetur velit impedit. Non ut voluptatem deleniti sequi sed ex. Necessitatibus ratione sed ut quo hic.','Velit consequuntur doloribus optio sed delectus quae. Quae consequatur aut aliquam. Rerum et beatae ut sed exercitationem. Laborum sit nihil fugit sed corporis doloribus possimus.','Nesciunt odit nesciunt quo eos. Sed quia quos quia qui rem. Repellat cum minus voluptas aut placeat laborum.',1,'Aut incidunt officia eum animi ut. Illum omnis non est officiis voluptas aut explicabo libero. Non sapiente eveniet delectus quasi.','3','2024-06-29 21:26:32','2024-06-29 21:26:32','5',NULL,'5',NULL,'5','5','5','5','5','5',NULL,'5','5','5','5',NULL,NULL),(10,136,59,'facilis','Ut omnis ut et et. Voluptatem quibusdam omnis neque sit. Omnis eos enim sed aut totam.','Iure consequatur natus deserunt. Velit laborum porro deleniti. Reprehenderit recusandae ea odit id sapiente consectetur tempore. Qui quae earum sit qui.','Enim reiciendis earum suscipit quidem debitis veniam. Non ut sit vel doloremque neque. Quisquam consequuntur numquam dolorum nihil. Laborum qui ratione non.','Sapiente eveniet non delectus deleniti et. In harum fuga enim officia voluptate. Maiores omnis esse ut temporibus molestiae molestiae ullam.',0,'Rerum enim quae iure enim. Fugiat quasi nesciunt illum ut laborum. Recusandae hic expedita dolorem nobis cumque aut.','1','2024-06-29 21:26:33','2024-06-29 21:26:33','5',NULL,'5',NULL,'5','5','5','5','5','5',NULL,'5','5','5','5',NULL,NULL),(11,38,35,'libero','Atque nobis omnis necessitatibus. Et vero qui doloribus ducimus porro. Molestiae sapiente error sint. Veniam eos ipsa ipsam consequuntur.','Animi qui dignissimos blanditiis quo aut voluptatem. Sed officia et eligendi voluptatem quisquam. Molestias magni ducimus ex iste.','Maiores sequi illo laborum amet laboriosam. Repudiandae voluptate animi cumque omnis minus impedit iure.','Voluptas recusandae aut corporis. Qui et nulla quo quas sit mollitia ut. Nobis nihil est iusto cum est quis.',1,'Non sit quam ducimus. Excepturi voluptas distinctio nisi quidem quia et. Labore et molestiae vel et nostrum ut.','5','2024-06-29 21:26:35','2024-06-29 21:26:35','5',NULL,'5',NULL,'5','5','5','5','5','5',NULL,'5','5','5','5',NULL,NULL),(12,134,41,'quaerat','Laborum et ea ut. Sit aliquid et occaecati eaque. Non soluta deleniti quia aspernatur qui ullam laboriosam.','Incidunt quis consequatur nisi. Aperiam et blanditiis debitis. Est laudantium voluptas libero atque laboriosam eos. Deserunt qui quae placeat nihil. Ut consequuntur harum rerum pariatur sed aut est.','Ut omnis molestiae non illum. Exercitationem sequi similique consequatur. Tempore suscipit dolorum autem qui. Possimus ut et facilis dicta tenetur repudiandae.','Dolores quasi ab hic est suscipit illum. Ut ea aut assumenda corporis. Quidem sit voluptates reprehenderit sed perferendis eos. Neque esse soluta qui aut sit et.',0,'Dolores omnis non deleniti est velit. Voluptatem aut perspiciatis asperiores iure. Quia amet excepturi eligendi quis est. Nostrum quaerat vel vero quae.','3','2024-06-29 21:26:35','2024-06-29 21:26:35','5',NULL,'5',NULL,'5','5','5','5','5','5',NULL,'5','5','5','5',NULL,NULL);
/*!40000 ALTER TABLE `feedback` ENABLE KEYS */;
UNLOCK TABLES;

--
-- Table structure for table `feedbackprofissional`
--

DROP TABLE IF EXISTS `feedbackprofissional`;
/*!40101 SET @saved_cs_client     = @@character_set_client */;
/*!50503 SET character_set_client = utf8mb4 */;
CREATE TABLE `feedbackprofissional` (
  `id` bigint unsigned NOT NULL AUTO_INCREMENT,
  `staf_id` bigint unsigned NOT NULL,
  `user_id` bigint unsigned NOT NULL,
  `office` varchar(255) COLLATE utf8mb4_unicode_ci NOT NULL,
  `staffer` varchar(255) COLLATE utf8mb4_unicode_ci NOT NULL,
  `rating` int NOT NULL,
  `receptive_leader_obs` varchar(255) COLLATE utf8mb4_unicode_ci NOT NULL,
  `receptive_leader_rating` int NOT NULL,
  `receive_feedback_obs` varchar(255) COLLATE utf8mb4_unicode_ci NOT NULL,
  `receive_feedback_rating` int NOT NULL,
  `answers_questions_obs` varchar(255) COLLATE utf8mb4_unicode_ci NOT NULL,
  `answers_questions_rating` int NOT NULL,
  `comunication_obs` varchar(255) COLLATE utf8mb4_unicode_ci NOT NULL,
  `comunication_rating` int NOT NULL,
  `trust_obs` varchar(255) COLLATE utf8mb4_unicode_ci NOT NULL,
  `trust_rating` int NOT NULL,
  `team_development_obs` varchar(255) COLLATE utf8mb4_unicode_ci NOT NULL,
  `team_development_rating` int NOT NULL,
  `autonomy_obs` varchar(255) COLLATE utf8mb4_unicode_ci NOT NULL,
  `autonomy_rating` int NOT NULL,
  `healthy_relationship_obs` varchar(255) COLLATE utf8mb4_unicode_ci NOT NULL,
  `healthy_relationship_rating` int NOT NULL,
  `observations` varchar(255) COLLATE utf8mb4_unicode_ci NOT NULL,
  `evolution_obs` varchar(255) COLLATE utf8mb4_unicode_ci NOT NULL,
  `created_at` timestamp NULL DEFAULT NULL,
  `updated_at` timestamp NULL DEFAULT NULL,
  PRIMARY KEY (`id`),
  KEY `feedbackprofissional_staf_id_foreign` (`staf_id`),
  KEY `feedbackprofissional_user_id_foreign` (`user_id`),
  CONSTRAINT `feedbackprofissional_staf_id_foreign` FOREIGN KEY (`staf_id`) REFERENCES `users` (`id`),
  CONSTRAINT `feedbackprofissional_user_id_foreign` FOREIGN KEY (`user_id`) REFERENCES `users` (`id`)
) ENGINE=InnoDB DEFAULT CHARSET=utf8mb4 COLLATE=utf8mb4_unicode_ci;
/*!40101 SET character_set_client = @saved_cs_client */;

--
-- Dumping data for table `feedbackprofissional`
--

LOCK TABLES `feedbackprofissional` WRITE;
/*!40000 ALTER TABLE `feedbackprofissional` DISABLE KEYS */;
/*!40000 ALTER TABLE `feedbackprofissional` ENABLE KEYS */;
UNLOCK TABLES;

--
-- Table structure for table `job_batches`
--

DROP TABLE IF EXISTS `job_batches`;
/*!40101 SET @saved_cs_client     = @@character_set_client */;
/*!50503 SET character_set_client = utf8mb4 */;
CREATE TABLE `job_batches` (
  `id` varchar(255) COLLATE utf8mb4_unicode_ci NOT NULL,
  `name` varchar(255) COLLATE utf8mb4_unicode_ci NOT NULL,
  `total_jobs` int NOT NULL,
  `pending_jobs` int NOT NULL,
  `failed_jobs` int NOT NULL,
  `failed_job_ids` longtext COLLATE utf8mb4_unicode_ci NOT NULL,
  `options` mediumtext COLLATE utf8mb4_unicode_ci,
  `cancelled_at` int DEFAULT NULL,
  `created_at` int NOT NULL,
  `finished_at` int DEFAULT NULL,
  PRIMARY KEY (`id`)
) ENGINE=InnoDB DEFAULT CHARSET=utf8mb4 COLLATE=utf8mb4_unicode_ci;
/*!40101 SET character_set_client = @saved_cs_client */;

--
-- Dumping data for table `job_batches`
--

LOCK TABLES `job_batches` WRITE;
/*!40000 ALTER TABLE `job_batches` DISABLE KEYS */;
/*!40000 ALTER TABLE `job_batches` ENABLE KEYS */;
UNLOCK TABLES;

--
-- Table structure for table `jobs`
--

DROP TABLE IF EXISTS `jobs`;
/*!40101 SET @saved_cs_client     = @@character_set_client */;
/*!50503 SET character_set_client = utf8mb4 */;
CREATE TABLE `jobs` (
  `id` bigint unsigned NOT NULL AUTO_INCREMENT,
  `queue` varchar(255) COLLATE utf8mb4_unicode_ci NOT NULL,
  `payload` longtext COLLATE utf8mb4_unicode_ci NOT NULL,
  `attempts` tinyint unsigned NOT NULL,
  `reserved_at` int unsigned DEFAULT NULL,
  `available_at` int unsigned NOT NULL,
  `created_at` int unsigned NOT NULL,
  PRIMARY KEY (`id`),
  KEY `jobs_queue_index` (`queue`)
) ENGINE=InnoDB DEFAULT CHARSET=utf8mb4 COLLATE=utf8mb4_unicode_ci;
/*!40101 SET character_set_client = @saved_cs_client */;

--
-- Dumping data for table `jobs`
--

LOCK TABLES `jobs` WRITE;
/*!40000 ALTER TABLE `jobs` DISABLE KEYS */;
/*!40000 ALTER TABLE `jobs` ENABLE KEYS */;
UNLOCK TABLES;

--
-- Table structure for table `migrations`
--

DROP TABLE IF EXISTS `migrations`;
/*!40101 SET @saved_cs_client     = @@character_set_client */;
/*!50503 SET character_set_client = utf8mb4 */;
CREATE TABLE `migrations` (
  `id` int unsigned NOT NULL AUTO_INCREMENT,
  `migration` varchar(255) COLLATE utf8mb4_unicode_ci NOT NULL,
  `batch` int NOT NULL,
  PRIMARY KEY (`id`)
) ENGINE=InnoDB AUTO_INCREMENT=20 DEFAULT CHARSET=utf8mb4 COLLATE=utf8mb4_unicode_ci;
/*!40101 SET character_set_client = @saved_cs_client */;

--
-- Dumping data for table `migrations`
--

LOCK TABLES `migrations` WRITE;
/*!40000 ALTER TABLE `migrations` DISABLE KEYS */;
INSERT INTO `migrations` VALUES (4,'2024_06_17_192450_create_staff_table',2),(12,'0001_01_01_000000_create_users_table',3),(13,'0001_01_01_000001_create_cache_table',3),(14,'0001_01_01_000002_create_jobs_table',3),(15,'2024_06_17_200700_create_feedback_table',3),(16,'2024_06_21_200949_add_field_to_feedback_table',3),(17,'2024_06_21_204953_add_evolutionobs_to_feedback_table',3),(18,'2024_06_28_200902_create_feedbackprofissional_table',3),(19,'2024_06_28_212758_create_permission_tables',3);
/*!40000 ALTER TABLE `migrations` ENABLE KEYS */;
UNLOCK TABLES;

--
-- Table structure for table `model_has_permissions`
--

DROP TABLE IF EXISTS `model_has_permissions`;
/*!40101 SET @saved_cs_client     = @@character_set_client */;
/*!50503 SET character_set_client = utf8mb4 */;
CREATE TABLE `model_has_permissions` (
  `permission_id` bigint unsigned NOT NULL,
  `model_type` varchar(255) COLLATE utf8mb4_unicode_ci NOT NULL,
  `model_id` bigint unsigned NOT NULL,
  PRIMARY KEY (`permission_id`,`model_id`,`model_type`),
  KEY `model_has_permissions_model_id_model_type_index` (`model_id`,`model_type`),
  CONSTRAINT `model_has_permissions_permission_id_foreign` FOREIGN KEY (`permission_id`) REFERENCES `permissions` (`id`) ON DELETE CASCADE
) ENGINE=InnoDB DEFAULT CHARSET=utf8mb4 COLLATE=utf8mb4_unicode_ci;
/*!40101 SET character_set_client = @saved_cs_client */;

--
-- Dumping data for table `model_has_permissions`
--

LOCK TABLES `model_has_permissions` WRITE;
/*!40000 ALTER TABLE `model_has_permissions` DISABLE KEYS */;
/*!40000 ALTER TABLE `model_has_permissions` ENABLE KEYS */;
UNLOCK TABLES;

--
-- Table structure for table `model_has_roles`
--

DROP TABLE IF EXISTS `model_has_roles`;
/*!40101 SET @saved_cs_client     = @@character_set_client */;
/*!50503 SET character_set_client = utf8mb4 */;
CREATE TABLE `model_has_roles` (
  `role_id` bigint unsigned NOT NULL,
  `model_type` varchar(255) COLLATE utf8mb4_unicode_ci NOT NULL,
  `model_id` bigint unsigned NOT NULL,
  PRIMARY KEY (`role_id`,`model_id`,`model_type`),
  KEY `model_has_roles_model_id_model_type_index` (`model_id`,`model_type`),
  CONSTRAINT `model_has_roles_role_id_foreign` FOREIGN KEY (`role_id`) REFERENCES `roles` (`id`) ON DELETE CASCADE
) ENGINE=InnoDB DEFAULT CHARSET=utf8mb4 COLLATE=utf8mb4_unicode_ci;
/*!40101 SET character_set_client = @saved_cs_client */;

--
-- Dumping data for table `model_has_roles`
--

LOCK TABLES `model_has_roles` WRITE;
/*!40000 ALTER TABLE `model_has_roles` DISABLE KEYS */;
INSERT INTO `model_has_roles` VALUES (1,'App\\Models\\User',1),(2,'App\\Models\\User',2),(3,'App\\Models\\User',3),(3,'App\\Models\\User',4),(1,'App\\Models\\User',5),(3,'App\\Models\\User',6),(3,'App\\Models\\User',7),(3,'App\\Models\\User',8),(3,'App\\Models\\User',9),(2,'App\\Models\\User',10),(2,'App\\Models\\User',11),(3,'App\\Models\\User',12),(3,'App\\Models\\User',13),(3,'App\\Models\\User',14),(3,'App\\Models\\User',15),(3,'App\\Models\\User',16),(3,'App\\Models\\User',17),(2,'App\\Models\\User',18),(3,'App\\Models\\User',19),(3,'App\\Models\\User',20),(3,'App\\Models\\User',21),(2,'App\\Models\\User',22),(3,'App\\Models\\User',23),(3,'App\\Models\\User',24),(3,'App\\Models\\User',25),(3,'App\\Models\\User',26),(3,'App\\Models\\User',27),(3,'App\\Models\\User',28),(3,'App\\Models\\User',29),(3,'App\\Models\\User',30),(1,'App\\Models\\User',31),(3,'App\\Models\\User',32),(3,'App\\Models\\User',33),(3,'App\\Models\\User',34),(3,'App\\Models\\User',35),(3,'App\\Models\\User',36),(3,'App\\Models\\User',37),(2,'App\\Models\\User',38),(3,'App\\Models\\User',39),(3,'App\\Models\\User',40),(3,'App\\Models\\User',41),(3,'App\\Models\\User',42),(3,'App\\Models\\User',43),(3,'App\\Models\\User',44),(3,'App\\Models\\User',45),(3,'App\\Models\\User',46),(3,'App\\Models\\User',47),(3,'App\\Models\\User',48),(3,'App\\Models\\User',49),(3,'App\\Models\\User',50),(3,'App\\Models\\User',51),(3,'App\\Models\\User',52),(2,'App\\Models\\User',53),(2,'App\\Models\\User',54),(3,'App\\Models\\User',55),(2,'App\\Models\\User',56),(2,'App\\Models\\User',57),(3,'App\\Models\\User',58),(3,'App\\Models\\User',59),(3,'App\\Models\\User',60),(3,'App\\Models\\User',61),(2,'App\\Models\\User',62),(3,'App\\Models\\User',63),(3,'App\\Models\\User',64),(3,'App\\Models\\User',65),(3,'App\\Models\\User',66),(3,'App\\Models\\User',67),(3,'App\\Models\\User',68),(3,'App\\Models\\User',69),(3,'App\\Models\\User',70),(3,'App\\Models\\User',71),(3,'App\\Models\\User',72),(3,'App\\Models\\User',73),(2,'App\\Models\\User',74),(3,'App\\Models\\User',75),(3,'App\\Models\\User',76),(3,'App\\Models\\User',77),(3,'App\\Models\\User',78),(3,'App\\Models\\User',79),(3,'App\\Models\\User',80),(3,'App\\Models\\User',81),(3,'App\\Models\\User',82),(3,'App\\Models\\User',83),(3,'App\\Models\\User',84),(3,'App\\Models\\User',85),(3,'App\\Models\\User',86),(2,'App\\Models\\User',87),(3,'App\\Models\\User',88),(3,'App\\Models\\User',89),(3,'App\\Models\\User',90),(2,'App\\Models\\User',91),(3,'App\\Models\\User',92),(3,'App\\Models\\User',93),(3,'App\\Models\\User',94),(3,'App\\Models\\User',95),(1,'App\\Models\\User',96),(3,'App\\Models\\User',97),(3,'App\\Models\\User',98),(3,'App\\Models\\User',99),(3,'App\\Models\\User',100),(3,'App\\Models\\User',101),(3,'App\\Models\\User',102),(3,'App\\Models\\User',103),(3,'App\\Models\\User',104),(2,'App\\Models\\User',105),(3,'App\\Models\\User',106),(3,'App\\Models\\User',107),(3,'App\\Models\\User',108),(3,'App\\Models\\User',109),(3,'App\\Models\\User',110),(3,'App\\Models\\User',111),(3,'App\\Models\\User',112),(3,'App\\Models\\User',113),(3,'App\\Models\\User',114),(3,'App\\Models\\User',115),(3,'App\\Models\\User',116),(3,'App\\Models\\User',117),(2,'App\\Models\\User',118),(2,'App\\Models\\User',119),(3,'App\\Models\\User',120),(2,'App\\Models\\User',121),(3,'App\\Models\\User',122),(3,'App\\Models\\User',123),(3,'App\\Models\\User',124),(3,'App\\Models\\User',125),(3,'App\\Models\\User',126),(3,'App\\Models\\User',127),(2,'App\\Models\\User',128),(1,'App\\Models\\User',129),(3,'App\\Models\\User',130),(3,'App\\Models\\User',131),(2,'App\\Models\\User',132),(3,'App\\Models\\User',133),(2,'App\\Models\\User',134),(3,'App\\Models\\User',135),(2,'App\\Models\\User',136),(3,'App\\Models\\User',137),(3,'App\\Models\\User',138),(3,'App\\Models\\User',139),(3,'App\\Models\\User',140),(3,'App\\Models\\User',141),(3,'App\\Models\\User',142),(3,'App\\Models\\User',143),(3,'App\\Models\\User',144),(3,'App\\Models\\User',145),(3,'App\\Models\\User',146),(3,'App\\Models\\User',147),(3,'App\\Models\\User',148),(3,'App\\Models\\User',149),(3,'App\\Models\\User',150),(3,'App\\Models\\User',151),(3,'App\\Models\\User',152),(3,'App\\Models\\User',153),(3,'App\\Models\\User',154),(3,'App\\Models\\User',155),(3,'App\\Models\\User',156),(3,'App\\Models\\User',157),(3,'App\\Models\\User',158),(3,'App\\Models\\User',159),(3,'App\\Models\\User',160),(3,'App\\Models\\User',161),(3,'App\\Models\\User',162),(2,'App\\Models\\User',163),(3,'App\\Models\\User',164),(3,'App\\Models\\User',165),(3,'App\\Models\\User',166),(3,'App\\Models\\User',167),(2,'App\\Models\\User',168),(2,'App\\Models\\User',169),(3,'App\\Models\\User',170),(3,'App\\Models\\User',171),(3,'App\\Models\\User',172),(3,'App\\Models\\User',173),(3,'App\\Models\\User',174);
/*!40000 ALTER TABLE `model_has_roles` ENABLE KEYS */;
UNLOCK TABLES;

--
-- Table structure for table `password_reset_tokens`
--

DROP TABLE IF EXISTS `password_reset_tokens`;
/*!40101 SET @saved_cs_client     = @@character_set_client */;
/*!50503 SET character_set_client = utf8mb4 */;
CREATE TABLE `password_reset_tokens` (
  `email` varchar(255) COLLATE utf8mb4_unicode_ci NOT NULL,
  `token` varchar(255) COLLATE utf8mb4_unicode_ci NOT NULL,
  `created_at` timestamp NULL DEFAULT NULL,
  PRIMARY KEY (`email`)
) ENGINE=InnoDB DEFAULT CHARSET=utf8mb4 COLLATE=utf8mb4_unicode_ci;
/*!40101 SET character_set_client = @saved_cs_client */;

--
-- Dumping data for table `password_reset_tokens`
--

LOCK TABLES `password_reset_tokens` WRITE;
/*!40000 ALTER TABLE `password_reset_tokens` DISABLE KEYS */;
/*!40000 ALTER TABLE `password_reset_tokens` ENABLE KEYS */;
UNLOCK TABLES;

--
-- Table structure for table `permissions`
--

DROP TABLE IF EXISTS `permissions`;
/*!40101 SET @saved_cs_client     = @@character_set_client */;
/*!50503 SET character_set_client = utf8mb4 */;
CREATE TABLE `permissions` (
  `id` bigint unsigned NOT NULL AUTO_INCREMENT,
  `name` varchar(255) COLLATE utf8mb4_unicode_ci NOT NULL,
  `guard_name` varchar(255) COLLATE utf8mb4_unicode_ci NOT NULL,
  `created_at` timestamp NULL DEFAULT NULL,
  `updated_at` timestamp NULL DEFAULT NULL,
  PRIMARY KEY (`id`),
  UNIQUE KEY `permissions_name_guard_name_unique` (`name`,`guard_name`)
) ENGINE=InnoDB AUTO_INCREMENT=6 DEFAULT CHARSET=utf8mb4 COLLATE=utf8mb4_unicode_ci;
/*!40101 SET character_set_client = @saved_cs_client */;

--
-- Dumping data for table `permissions`
--

LOCK TABLES `permissions` WRITE;
/*!40000 ALTER TABLE `permissions` DISABLE KEYS */;
INSERT INTO `permissions` VALUES (1,'user_permissions','web','2024-06-29 04:00:35','2024-06-29 04:00:35'),(2,'role_permissions','web','2024-06-29 04:00:52','2024-06-29 04:00:52'),(3,'permission_permissions','web','2024-06-29 04:01:04','2024-06-29 04:01:04'),(4,'feed_back_permissions','web','2024-06-29 04:01:25','2024-06-29 04:01:25'),(5,'feedback_professional_permissions','web','2024-06-29 04:01:46','2024-06-29 04:01:46');
/*!40000 ALTER TABLE `permissions` ENABLE KEYS */;
UNLOCK TABLES;

--
-- Table structure for table `role_has_permissions`
--

DROP TABLE IF EXISTS `role_has_permissions`;
/*!40101 SET @saved_cs_client     = @@character_set_client */;
/*!50503 SET character_set_client = utf8mb4 */;
CREATE TABLE `role_has_permissions` (
  `permission_id` bigint unsigned NOT NULL,
  `role_id` bigint unsigned NOT NULL,
  PRIMARY KEY (`permission_id`,`role_id`),
  KEY `role_has_permissions_role_id_foreign` (`role_id`),
  CONSTRAINT `role_has_permissions_permission_id_foreign` FOREIGN KEY (`permission_id`) REFERENCES `permissions` (`id`) ON DELETE CASCADE,
  CONSTRAINT `role_has_permissions_role_id_foreign` FOREIGN KEY (`role_id`) REFERENCES `roles` (`id`) ON DELETE CASCADE
) ENGINE=InnoDB DEFAULT CHARSET=utf8mb4 COLLATE=utf8mb4_unicode_ci;
/*!40101 SET character_set_client = @saved_cs_client */;

--
-- Dumping data for table `role_has_permissions`
--

LOCK TABLES `role_has_permissions` WRITE;
/*!40000 ALTER TABLE `role_has_permissions` DISABLE KEYS */;
INSERT INTO `role_has_permissions` VALUES (1,1),(2,1),(3,1),(4,1),(5,1),(4,2),(5,3);
/*!40000 ALTER TABLE `role_has_permissions` ENABLE KEYS */;
UNLOCK TABLES;

--
-- Table structure for table `roles`
--

DROP TABLE IF EXISTS `roles`;
/*!40101 SET @saved_cs_client     = @@character_set_client */;
/*!50503 SET character_set_client = utf8mb4 */;
CREATE TABLE `roles` (
  `id` bigint unsigned NOT NULL AUTO_INCREMENT,
  `name` varchar(255) COLLATE utf8mb4_unicode_ci NOT NULL,
  `guard_name` varchar(255) COLLATE utf8mb4_unicode_ci NOT NULL,
  `created_at` timestamp NULL DEFAULT NULL,
  `updated_at` timestamp NULL DEFAULT NULL,
  PRIMARY KEY (`id`),
  UNIQUE KEY `roles_name_guard_name_unique` (`name`,`guard_name`)
) ENGINE=InnoDB AUTO_INCREMENT=4 DEFAULT CHARSET=utf8mb4 COLLATE=utf8mb4_unicode_ci;
/*!40101 SET character_set_client = @saved_cs_client */;

--
-- Dumping data for table `roles`
--

LOCK TABLES `roles` WRITE;
/*!40000 ALTER TABLE `roles` DISABLE KEYS */;
INSERT INTO `roles` VALUES (1,'Admin','web','2024-06-29 04:00:10','2024-06-29 04:00:10'),(2,'Gestor','web','2024-06-29 04:27:03','2024-06-29 04:27:03'),(3,'Profissional','web','2024-06-29 04:27:45','2024-06-29 04:27:45');
/*!40000 ALTER TABLE `roles` ENABLE KEYS */;
UNLOCK TABLES;

--
-- Table structure for table `sessions`
--

DROP TABLE IF EXISTS `sessions`;
/*!40101 SET @saved_cs_client     = @@character_set_client */;
/*!50503 SET character_set_client = utf8mb4 */;
CREATE TABLE `sessions` (
  `id` varchar(255) COLLATE utf8mb4_unicode_ci NOT NULL,
  `user_id` bigint unsigned DEFAULT NULL,
  `ip_address` varchar(45) COLLATE utf8mb4_unicode_ci DEFAULT NULL,
  `user_agent` text COLLATE utf8mb4_unicode_ci,
  `payload` longtext COLLATE utf8mb4_unicode_ci NOT NULL,
  `last_activity` int NOT NULL,
  PRIMARY KEY (`id`),
  KEY `sessions_user_id_index` (`user_id`),
  KEY `sessions_last_activity_index` (`last_activity`)
) ENGINE=InnoDB DEFAULT CHARSET=utf8mb4 COLLATE=utf8mb4_unicode_ci;
/*!40101 SET character_set_client = @saved_cs_client */;

--
-- Dumping data for table `sessions`
--

LOCK TABLES `sessions` WRITE;
/*!40000 ALTER TABLE `sessions` DISABLE KEYS */;
INSERT INTO `sessions` VALUES ('G6rQmPQTKQEtagcj9zUUxHa4jKm1WataNq3IbZ5U',9,'127.0.0.1','Mozilla/5.0 (Macintosh; Intel Mac OS X 10_15_7) AppleWebKit/537.36 (KHTML, like Gecko) Chrome/126.0.0.0 Safari/537.36','YTo1OntzOjY6Il90b2tlbiI7czo0MDoiaUNMNHhFV25jS0thd0d1MHM4ZVhYSVV0S2llWWdXTHlaMnFKUUNCMCI7czo2OiJfZmxhc2giO2E6Mjp7czozOiJvbGQiO2E6MDp7fXM6MzoibmV3IjthOjA6e319czo5OiJfcHJldmlvdXMiO2E6MTp7czozOiJ1cmwiO3M6MjY6Imh0dHA6Ly9hZXJvbW90LXJoLnRlc3QvYXBwIjt9czo1MDoibG9naW5fd2ViXzU5YmEzNmFkZGMyYjJmOTQwMTU4MGYwMTRjN2Y1OGVhNGUzMDk4OWQiO2k6OTtzOjE3OiJwYXNzd29yZF9oYXNoX3dlYiI7czo2MDoiJDJ5JDEyJEllSjNrRzVoSHFwQTFxT05QOTBkRnVDbFd0NjBNZVZvYWxDQkFuSUJzMmYwOTU1MmZWMXJpIjt9',1719697367);
/*!40000 ALTER TABLE `sessions` ENABLE KEYS */;
UNLOCK TABLES;

--
-- Table structure for table `staff`
--

DROP TABLE IF EXISTS `staff`;
/*!40101 SET @saved_cs_client     = @@character_set_client */;
/*!50503 SET character_set_client = utf8mb4 */;
CREATE TABLE `staff` (
  `id` bigint unsigned NOT NULL AUTO_INCREMENT,
  `name` varchar(255) COLLATE utf8mb4_unicode_ci NOT NULL,
  `departament` varchar(255) COLLATE utf8mb4_unicode_ci NOT NULL,
  `document` varchar(255) COLLATE utf8mb4_unicode_ci NOT NULL,
  `head` varchar(255) COLLATE utf8mb4_unicode_ci NOT NULL,
  `created_at` timestamp NULL DEFAULT NULL,
  `updated_at` timestamp NULL DEFAULT NULL,
  `function` varchar(64) COLLATE utf8mb4_unicode_ci DEFAULT NULL,
  PRIMARY KEY (`id`)
) ENGINE=InnoDB AUTO_INCREMENT=189 DEFAULT CHARSET=utf8mb4 COLLATE=utf8mb4_unicode_ci;
/*!40101 SET character_set_client = @saved_cs_client */;

--
-- Dumping data for table `staff`
--

LOCK TABLES `staff` WRITE;
/*!40000 ALTER TABLE `staff` DISABLE KEYS */;
INSERT INTO `staff` VALUES (1,'Adeilton Aprigio Souza','Logística - Filial ','042.186.456-71','Chia',NULL,NULL,'Especialista de Logística '),(2,'Aidê Fontoura Malfatti Dalpiaz','SRM','812.250.080-34','Vandressa',NULL,NULL,'Assistente de SRM'),(3,'Alessandra Aparecida de Araujo','Financeiro','999.450.290-53','Anderson',NULL,NULL,'Analista Financeiro'),(4,'Alessandra Martins','DHO','029.184.850-80','Bianca',NULL,NULL,'Analista de DHO'),(5,'Alexandre da Silva Rocha','Pista/Hangar','632.315.900-78','Tiago',NULL,NULL,'Mecânico de Manutenção Aeronáutica'),(6,'Alexandre Lima dos Santos','Eletrônica','917.072.770-87','Amilcar',NULL,NULL,'Mecânico de Manutenção Aeronáutica (AVIÔNICA)'),(7,'Alexandre Trindade Dalpiaz','Ferramentaria','996.238.380-34','Tiago',NULL,NULL,'Ferramenteiro'),(8,'Alice de Souza Machado','SGI','045.609.180-74','Felipe',NULL,NULL,'Analista de SGO'),(9,'Allam Pereira Santos','Segurança do Trabalho','022.953.790-16','Moisés',NULL,NULL,'Técnico de Segurança do Trabalho'),(10,'Amilcar Clementino Llantada Junior','Engenharia ','553.853.200-30','Zanchi',NULL,NULL,'Engenheiro Elétrico'),(11,'Ana Paula da Silva Castorino','SRM - Filial','057.289.176-82','Chia',NULL,NULL,'Especialista de SRM'),(12,'Ana Paula de Freitas','Desenvolvimento de Negócios ','896.839.860-72','Gui',NULL,NULL,'Gerente de Projetos'),(13,'Ânderson de Moraes Soares','Compras','818.597.590-68','Jaque',NULL,NULL,'Analista de Compras'),(14,'Anderson Felizardo Mendes','Financeiro','808.942.590-91','Jaque',NULL,NULL,'Coordenador Financeiro'),(15,'Anderson Gonçalves Jordão',' Pista/Hangar','017.023.311-13','Tiago/Comasseto',NULL,NULL,'Auxiliar de Mecânico de Manutenção Aeronautica | Asa rotativa'),(16,'André Carvalho Cateb','Desenvolvimento de Negócios ','060.502.296-86','Gui',NULL,NULL,'Gerente de Projetos'),(17,'André Felipe de Araujo Roque',' Pista/Hangar - Filial','144.184.706-54','Fábio',NULL,NULL,'Auxiliar de Mecânico de Manutenção Aeronautica'),(18,'André Gustavo Gomes Nazareth','Eletrônica','883.048.767.87','Amilcar',NULL,NULL,'Mecânico de Manutenção Aeronáutica (AVIÔNICA)'),(19,'Andre Magni de Morais','Comercial Diamond','129.569.036-59','Maria Izabel',NULL,NULL,'Consultor de Vendas Diamond'),(20,'André Zanchi da Costa','Pista/Hangar','553.282.530-00','Cris',NULL,NULL,'Gerente de Produção '),(21,'Andréia de Azevedo Lopes','Departamento Pessoal','002.373.800-64','Jaque',NULL,NULL,'Consultora de DP'),(22,'Anselmo da Costa Jadoski','Engenharia ','463.054.160-87','Bettanzos',NULL,NULL,'Consultor de Garantias'),(23,'Antônio Cesar Crestani Garcia','Eletrônica','403.611.790-49','Não se aplica',NULL,NULL,'Consultor Técnico'),(24,'Arthur Carneiro Bracarense','SRM - Filial','133.495.096.22','Ana Paula',NULL,NULL,'Assistente de SRM'),(25,'Bianca Caroline Camargos Guilherme','Administrativo','113.983.016-39','Dayze',NULL,NULL,'Analista administrativo'),(26,'Bianca Schroeder Pereira','DHO','028.116.570-02','Cris',NULL,NULL,'Consultora Interna de RH'),(27,'Bilmar Oliveira Avelhaneda','Transporte logístico e de pessoas','702.428.360-20','Evandro',NULL,NULL,'Motorista Operacional'),(28,'Bruna Bianchet Britto Hillal','Contábil/Fiscal','024.161.720-00','Junior',NULL,NULL,'Especialista Contábil/Fiscal'),(29,'Bruno de Figueiredo Gomes','Marketing','995.397.050-53','Rubia',NULL,NULL,'Analista de Marketing'),(30,'Bruno Homero Consminski Lucas','Contratos/Licitações','021.624.060-39','Gabriel',NULL,NULL,'Consultor de Atendimento'),(31,'Carla de Mattos Cruz','Logística','001.044.660-57','Everson',NULL,NULL,'Especialista de Logística '),(32,'Carlos Augusto Ferraz de Abreu','Desenvolvimento de negócios','010.305.040-08','Gui',NULL,NULL,'Engenheiro'),(33,'Carlos Eduardo de Souza Cirio','Pista/Hangar','336.552.940-34','Tiago',NULL,NULL,'Mecânico de Manutenção Aeronáutica | Pista e Motores'),(34,'Carlos Magno Cardoso','Pista/Hangar - Filial','020.702.096-52','Fábio',NULL,NULL,'Auxiliar de Mecânico de Manutenção Aeronáutica'),(35,'Caroline Coelho da Silva','DHO','862.064.600-10','Bianca',NULL,NULL,'Analista de DHO'),(36,'Caroline Simões Medeiros','Contábil/Fiscal','849.844.140-49','JUNIOR',NULL,NULL,'Assistente Contábil/fiscal'),(37,'Carolini Giovani Costa de Lima Nunes','Financeiro','042.186.730-20','Anderson',NULL,NULL,'Analista Financeiro'),(38,'Cesar Henrique Greb Olavarrieta','Pista/hangar','264.648.588-31','Tiago/Comasseto',NULL,NULL,'Mecânico de Manutenção Aeronáutico'),(39,'Cintia Jacques da Silva','Central de experiência do cliente','002.473.090-44','Rubia',NULL,NULL,'Analista de Experiência do Cliente'),(40,'Claudio Gilberto Zitto Junior','Engenharia ','637.980.180-49','Bettanzos',NULL,NULL,'Engenheiro Elétrico'),(41,'Cléia Ribeiro de Souza Ferreira','Assistente de SRM','614.096.851-87','Vandressa',NULL,NULL,'SRM'),(42,'Cleuza Ribeiro de Andrade','Diretoria','490.335.730-91','Gui',NULL,NULL,'Assistente da Diretoria'),(43,'Cristiane da Silva Correa','Logística','048.836.880-46','Everson',NULL,NULL,'Assistente de Logística'),(44,'Cristiane Silva Cunha Aguiar','Diretoria','038.153.036-13	','Não se aplica',NULL,NULL,'Vice - Presidente'),(45,'Cristina Braunling','Diretoria','931.388.060-15','Cris',NULL,NULL,'Secretária Executiva'),(46,'Cristine de Oliveira Figueira','Financeiro','005.377.260-12','Anderson',NULL,NULL,'Analista Financeiro'),(47,'Daniel Ivanowski da Silva','Compras','000.209.440-12','Jaque',NULL,NULL,'Analista de Compras'),(48,'Daniel Nunes Pereira','SRM','956.906.970-87','Vandressa',NULL,NULL,'Especialista de SRM'),(49,'Daniela Oliveira dos Santos','SRM','054.543.960-44','Vandressa',NULL,NULL,'Aprendiz de SRM'),(50,'Danubio Augusto Engers Lisboa','Contratos/Licitações','641.489.300-06','Gabriel',NULL,NULL,'Piloto'),(51,'Dayzelene Cristina Cardoso de Lima','Administrativo - Filial','008.825.886-64','Bianca',NULL,NULL,'Coordenador administrativo'),(52,'David Ramalho Evangelista','Pista/hangar','066.843.266.77','Fábio',NULL,NULL,'Mecânico de Manutenção Aeronáutico'),(53,'Delmar de Souza Caçapietra','TI | Infra e Redes','809.469.410-68','Cris',NULL,NULL,'Coordenador de Infraestrutura e Redes'),(54,'Diego da Silva Saldanha','Engenharia ','011.611.620-03','Bettanzos',NULL,NULL,'Analista de Engenharia'),(55,'Dorizete Tarciso Bilibio','Transporte logístico e de pessoas','544.588.110-53','Evandro',NULL,NULL,'Motorista Operacional'),(56,'Edson Martins Elesbão','Departamento Pessoal','960.229.810-34','Jaque',NULL,NULL,'Analista de Departamento Pessoal'),(57,'Eduardo Urdiale de Freitas','Pista/Hangar','219.595.078-18','Tiago/Zé',NULL,NULL,'Mecânico de Manutenção Aeronáutica | Pista e Motores'),(58,'Erika Caroline Bueno de Farias','Faturamento','011.761.990-64','Junior',NULL,NULL,'Analista de Faturamento'),(59,'Erika Rezende Poltronieri','Qualidade ','017.323.750-97','Felipe',NULL,NULL,'Analista de Qualidade'),(60,'Evandro Silveira Redante','Transporte logístico e de pessoas','741.149.720-72','Moisés',NULL,NULL,'Coordenador de Frotas'),(61,'Everson Luis Benelli','Logística','003.353.340-75','Jaque',NULL,NULL,'Coordenador de Logística '),(62,'Fabiano Rodrigo Castagnetti Braga','Contratos/Licitações','673.837.420-87','Gabriel',NULL,NULL,'Consultor de Atendimento'),(63,'Fabio Rubini Castano','Pista/Hangar - Filial','046.347.536-42','Fabio',NULL,NULL,'Mecânico de Manutenção Aeronáutica'),(64,'Felipe dos Santos Saraiva','Qualidade ','016.114.350-48','Cris',NULL,NULL,'Coordenador de Qualidade'),(65,'Felipe Rodrigues Bettanzos','Engenharia ','010.063.590-36','Gui',NULL,NULL,'Coordenador de Engenharia'),(66,'Felipe Salvan da Costa e Silva','Engenharia ','024.936.510-30','Bettanzos',NULL,NULL,'Analista de Engenharia'),(67,'Fernando da Silva Lopes','Acessórios, motores | END','028.150.770-86','Tiago',NULL,NULL,'Auxiliar de Mecânico de Manutenção Aeronáutica'),(68,'Filipe Dal Ongaro Scholtz','Dev','880.517.810-15','Mateus',NULL,NULL,'Desenvolvedor'),(69,'Gabriel Heinlein','Contratos/Licitações','998.594.240-04','Gui',NULL,NULL,'Gerente de Contratos'),(70,'Gabriel Lima Garcia','TI | Infra e Redes','047.056.250-13','Delmar',NULL,NULL,'Assistente de Infraestrutura e Redes'),(71,'Gabriel Lucas Marques de Jesus','Pista/Hangar - Filial','112.855.706-18','Fábio',NULL,NULL,'Mecânico de Manutenção Aeronáutica'),(72,'Gabriela Correa Falcão','Planejamento de Materiais','027.102.160-86','Maureen',NULL,NULL,'Planejador de Materiais'),(73,'Gelson Luiz Junior Neves','Faturamento','006.795.810-90','Junior',NULL,NULL,'Analista de Faturamento'),(74,'Gêneses dos Santos Brito','Pista/Hangar - Filial','149.677.956-84','Fabio',NULL,NULL,'Auxiliar de Pista'),(75,'Geovani Lima da Costa','Qualidade ','031.775.930-27','Felipe',NULL,NULL,'Analista de Qualidade'),(76,'Giovanni Killian dos Santos','Eletrônica','034.258.590-80','Amilcar',NULL,NULL,'Mecânico de Manutenção Aeronáutica (AVIÔNICA)'),(77,'Gisele Joana Martins Elias','Administrativo - Filial','013.366.846-07','Dayze',NULL,NULL,'Assistente administrativo'),(78,'Greice de Borba Werlang','Contratos/Licitações','945.761.730-49','Gabriel',NULL,NULL,'Analista de Contratos/Licitações '),(79,'Guilherme Bolze dos Santos','Pista/Hangar','902.839.290-49','Tiago/Zé',NULL,NULL,'Mecânico de Manutenção Aeronáutica | Pista e Motores'),(80,'Guilherme de Padua Alves','Comercial Diamond ','013.702.996-99','Maria Izabel',NULL,NULL,'Piloto Comercial'),(81,'Guilherme Roberto da Cunha','Diretoria','058.709.636-56','Não se aplica',NULL,NULL,'Presidente'),(82,'Henrique Araujo Aguiar','Pista/Hangar - PRF','013.939.296-30','Tiago/Comasseto',NULL,NULL,'Mecânico de Manutenção Aeronaútica'),(83,'Henrique Costa Guimarães','Logística','602.070.280-44','Everson',NULL,NULL,'Aprendiz de logística'),(84,'Hermes Macedo Dias','Pista/Hangar - Filial','042.381.806-66','Fabio',NULL,NULL,'Mecânico de Manutenção Aeronáutica '),(85,'Higor Allan de Oliveira Viana','Pista/Hangar','820.964.145-04','Tiago/Comasseto',NULL,NULL,'Asa Rotativa | Mecânico de Manutenção Aeronautica'),(86,'Hugo Leonardo Dominiak','TI | Infra e Redes','747.733.210-91','Delmar',NULL,NULL,'Analista de Infraestrutura e Redes'),(87,'Hugo de Souza Mainar','Comercial','098.866.926-93','Leo',NULL,NULL,'Executivo Comercial'),(88,'Icaro Guilherme Marques da Cunha Passos','Pista/Hangar - Filial','018.794.506.31','Fabio',NULL,NULL,'Auxiliar de Pista'),(89,'Ingrid Roberta Reis Soares Martins','SRM - Filial','095.371.146-35','Ana Paula',NULL,NULL,'Analista de SRM'),(90,'Israel Alves da Cruz','Engenharia ','089.588.486-00','Bettanzos',NULL,NULL,'Consultor Técnico'),(91,'Ives Claudio Pacheco','Pista/Hangar','784.631.140.91','Gabriel Heinlein',NULL,NULL,'Piloto'),(92,'James Tavares Pais','Pista/Hangar ','891.491.064-49','Tiago/Comasseto',NULL,NULL,'Asa Rotativa | Mecânico de Manutenção Aeronautica'),(93,'Janete do Prado','Limpeza','536.400.550-04','Moisés',NULL,NULL,'Auxiliar de Limpeza'),(94,'Jaqueline Maria Cizmovski','Diretoria','013.714.920-42','Cris',NULL,NULL,'Gerente administrativo'),(95,'Jenifer Gomes da Rosa','Qualidade ','031.939.680-05','Felipe',NULL,NULL,'Analista de Qualidade'),(96,'Joao Victor Alves Fidellis','Pista/Hangar - Filial','148.066.686-64','Fabio',NULL,NULL,'Auxiliar Mecânico de Manutenção Aeronáutica'),(97,'Joelma dos Santos Farias','Marketing','014.998.470-76','Rubia',NULL,NULL,'Analista de Marketing'),(98,'José Américo Leão','Pista/Hangar','507.624.786-91','Cris',NULL,NULL,'Gerente de Produção '),(99,'José Antonio Dornelles da Rosa','Pista/Hangar','004.761.270-33','Tiago',NULL,NULL,'Mecânico de Manutenção Aeronáutica | Pista e Motores'),(100,'Jose Helton Luiz De Oliveira','Pista/Hangar - DF','781.679.221-20','Tiago/Comasseto',NULL,NULL,'Mecânico de Manutenção Aeronáutica | Pista e Motores'),(101,'José Luis da Silva Córdova','Pista/Hangar','402.758.090-72','Tiago/Zé',NULL,NULL,'Mecânico de Manutenção Aeronáutica | Pista e Motores'),(102,'Joseane De Souza Gusmão Sandre','Comercial','03791941631','Maria Izabel',NULL,NULL,'Consultor de Vendas'),(103,'Juares Viegas Ferreira Junior','Pista/Hangar - PE','005.925.620-69','Tiago/Comasseto',NULL,NULL,'Asa Rotativa | Mecânico de Manutenção Aeronautica'),(104,'Julia Antunes Brito','DHO','600.729.370-09','Bianca',NULL,NULL,'Aprendiz de DHO'),(105,'Julia Fofonka Marcondes','Marketing','045.444.620-96','Rubia',NULL,NULL,'Assistente de Marketing'),(106,'Juliana Roberta de Moura','Custos','025.384.280-84','Junior',NULL,NULL,'Especialista de Custos'),(107,'Juliane Silva dos Santos','Administrativo ','466.106.000-82','Bianca',NULL,NULL,'Assistente administrativo'),(108,'Karine Zinn Ribeiro','Contratos/Licitações','990.030.150-15','Gabriel',NULL,NULL,'Analista de Contratos/Licitações'),(109,'Kleiton Araujo Silva','TI | Infra e Redes','061.905.971-06','Delmar',NULL,NULL,'Assistente de Infra/Redes'),(110,'Larissa Morais de Oliveira','Custos','850.034.410-53','Junior',NULL,NULL,'Assistente de Custos '),(111,'Laura Luiza Benfica Moreira','TI | Infra e Redes','100.276.016-09','Delmar',NULL,NULL,'Analista de Infraestrura e Redes'),(112,'Leandro Ribeiro Goulart','Eletrônica','744.918.060-04','Amilcar',NULL,NULL,'Mecânico de Manutenção Aeronáutica (AVIÔNICA)'),(113,'Leonardo de Padua Andrade Filho','Desenvolvimento de Negócios ','030.150.156-48','Gui',NULL,NULL,'Gerente de Desenvolvimento de Negócios'),(114,'Leonardo Fernandes Libretti','Comercial','824.251.750-91','Maria Izabel',NULL,NULL,'Consultor de Vendas'),(115,'Leticia Angela Shinoda Sotelo','Controladoria','004.212.310-09','Jaque',NULL,NULL,'Analista administrativo'),(116,'Letícia Moro Rodrigues Silveira','Marketing','017.432.840-04','Rubia',NULL,NULL,'Analista de Marketing'),(117,'Leticia Nunes','Financeiro','002.520.870-54','Anderson',NULL,NULL,'Analista Financeiro'),(118,'Liliane da Silva Correa','Contábil/Fiscal','021.234.890-69','Junior',NULL,NULL,'Analista Contábil/Fiscal'),(119,'Lisandro Moreira Frassoni','Eletrônica','903.804.010-53','Amilcar',NULL,NULL,'Mecânico de Manutenção Aeronáutica (AVIÔNICA)'),(120,'Lorenzo Anselmini Ortiz','SRM','007.688.560-78','Vandressa',NULL,NULL,'Assistente de SRM'),(121,'Lorenzo Silva Castagnetti Braga','SRM','052.163.730-98','Vandressa',NULL,NULL,'Aprendiz de SRM'),(122,'Luan Maia Cittolin','Engenharia ','029.235.180-12','Bettanzos',NULL,NULL,'Assistente de Engenharia'),(123,'Luciano Alves Lemes','Acessórios, motores | END','747.173.400-00','Tiago',NULL,NULL,'Auxiliar de Mecânico de Manutenção Aeronáutica'),(124,'Luciano Inácio Batista','Pista/Hangar - Filial','04412773655','Fabio',NULL,NULL,'Auxiliar Mecânico de Manutenção Aeronáutica '),(125,'Luis André Braz de Oliveira','Pista/Hangar','030.522.480-81','Tiago/Zé',NULL,NULL,'Auxiliar de Mecânico de Manutenção Aeronáutica'),(126,'Luis Gustavo Mendes Santos','Pista/Hangar - Filial','144.855.746-10','Fabio',NULL,NULL,'Auxiliar de Mecânico de Manutenção Aeronáutica | Pista e Motores'),(127,'Luiza Fernandes Miranda','Comercial','700.004.566-32','Maria Izabel',NULL,NULL,''),(128,'Luiz Adauto da Fonseca Armada Sousa','Contratos/Licitações','013.479.616-07','Gabriel',NULL,NULL,' Especialista em Contratos'),(129,'Luiz Carlos dos Santos Lima','Pista/Hangar','222.739.990-20','Não se aplica',NULL,NULL,'Responsável técnico'),(130,'Luiz Fernando Garcia Chiamente','Diretoria','072.011.708-99\n','Gui',NULL,NULL,'Gerente de Manutenção'),(131,'Luiz Roberto Cizmovski Junior','Contábil/Fiscal','846.498.600-91','Jaque',NULL,NULL,'Coordenador Contábil/Fiscal'),(132,'Marcelo Comassetto','Pista/Hangar - DF','028.474.800-56','Tiago/Comasseto',NULL,NULL,'Mecânico de Manutenção Aeronáutica | Pista e Motores'),(133,'Marcelo de Oliveira Abel','Pista/Hangar','032.205.820-10','Tiago/Zé',NULL,NULL,'Auxiliar de Mecânico de Manutenção Aeronáutica '),(134,'Marcelo de Oliveira Fortunato','Pista/Hangar - RJ ','076.873.417-75','Tiago/Comasseto',NULL,NULL,'Mecânico de Manutenção Aeronáutica | Filial RJ'),(135,'Marco Aurélio Maia Fão','Motores','495.401.810-20','Tiago',NULL,NULL,'Mecânico de Manutenção Aeronáutica | Pista e Motores'),(136,'Marcos Bertoni Scussel','Eletrônica','037.295.580-05','Amilcar',NULL,NULL,'Mecânico de Manutenção Aeronáutica (AVIÔNICA)'),(137,'Marcos De Oliveira Fagundes','Pista/Hangar','523.176.250-49','Tiago/Zé',NULL,NULL,'Mecânico de Manutenção Aeronáutica | Pista e Motores'),(138,'Maria Clara Nery Narciso','Pista/Hangar','127.063.606.58','Fabio',NULL,NULL,'Assistente de Manutenção Aeronáutica'),(139,'Maria Izabel Rodrigues Daher','Comercial','693.432.681-49','Cris',NULL,NULL,'Gerente Comercial '),(140,'Maria Luiza Pavão Guimarães','DHO','004.883.510-22','Bianca',NULL,NULL,'Analista de DHO'),(141,'Mariana de Queiroz de Souza','Contratos/Licitações','038.100.050-88','Gabriel',NULL,NULL,'Analista Jurídico'),(142,'Marlon Douglas Duarte da Silva','Contábil/Fiscal','039.708.470-60','Junior',NULL,NULL,'Assistente Contábil/fiscal '),(143,'Mateus Kioshi de Castilho Otabe','Dev','377.041.218-47','Gui',NULL,NULL,'Desenvolvedor'),(144,'Matheus Grassi Milanezi','Dev','025.972.820-90','Mateus',NULL,NULL,'Desenvolvedor'),(145,'Maureen Caetano Junqueira Schepp','Planejamento','001.762.170-45','Zanchi',NULL,NULL,'Planejador de Materiais'),(146,'Mayko Diehl Boeira','Pista/Hangar','020.861.850-30','Tiago/Zé',NULL,NULL,'Auxiliar de Mecânico de Manutenção Aeronáutica '),(147,'Moises Jardim Bellissimo','Segurança do Trabalho','785.053.990-72','Jaque',NULL,NULL,'Técnico de Segurança do Trabalho'),(148,'Murilo Schilling Wendt','Qualidade ','041.637.590-18','Felipe',NULL,NULL,'Assistente de Qualidade'),(149,'Nicholas Damasceno Ostrovski','Desenvolvimento de Negócios ','868.439.580-87','Leo',NULL,NULL,'Analista de Desenvolvimento de Negócios Internacionais'),(150,'Nilo Sebastião Marques de Souza','Planejamento de Materiais','349.517.500.82','Maureen',NULL,NULL,'Planejador de Materiais'),(151,'Nilton Drunn Rodolfo','Compras','019.660.700-04','Jaque',NULL,NULL,'Analista de Comercio Exterior'),(152,'Noeli Amaral Goularte','Administrativo ','764.728.090-20','Bianca',NULL,NULL,'Assistente administrativo'),(153,'Paulo Roberto da Silveira Junior','Pista/Hangar','003.156.870-02','Tiago/Zé',NULL,NULL,'Auxiliar de Mecânico de Manutenção Aeronáutica'),(154,'Pedro Ernani Lima da Silva','Limpeza','484.076.820-04','Moisés',NULL,NULL,'Auxiliar de Limpeza'),(155,'Pedro Jandir Rodrigues Cavalheiro','Transporte logístico e de pessoas','253.907.160-00','Evandro',NULL,NULL,'Motorista Operacional'),(156,'Pedro Lucas Franca Alves','Engenharia ','072.744.116-75','Bettanzos',NULL,NULL,'Assistente de Engenharia'),(157,'Raí Souza Santana','Pista/Hangar','094.896.006-01','Fabio',NULL,NULL,'Assistente de Manutenção Aeronáutica'),(158,'Raquel Queiroz Andreazza','Marketing','033.136.680-03','Rubia',NULL,NULL,'Analista de Marketing'),(159,'Renata Correa Caetano da Cruz','Departamento Pessoal','847.836.130-87','Jaque',NULL,NULL,'Assistente de Departamento Pessoal'),(160,'Renatta Alf de Azambuja','Marketing','011.412.410-80','Rubia',NULL,NULL,'Analista de Marketing'),(161,'Ricardo Ekman Ayub','Acessórios, motores | END','988.839.920-91','Tiago',NULL,NULL,'Mecânico de Manutenção Aeronaútica'),(162,'Richard Aquino Bejarano','Compras','633.343.990-87','Jaque',NULL,NULL,'Analista de Compras'),(163,'Rodrigo Celso de Almeida Ishibashi','Comercial','052.120.046-67','Cris',NULL,NULL,'Executivo Comercial'),(164,'Robinson Luís de Almeida Caetano','Logística','018.258.980-30','Everson',NULL,NULL,'Analista de Logística '),(165,'Robson Gomes da Silva Junior','Pista/Hangar - MS','393.233.918-59','Tiago/Comasseto',NULL,NULL,'Mecânico de Manutenção de Aeronaves '),(166,'Robson Santos Porto','Tecnologia da Informação','012.930.510-39','Delmar',NULL,NULL,'Analista de Infraestrutura e Redes'),(167,'Ronald Castro Alves','Pista/Hangar','181.299.708-64','Tiago/Comasseto',NULL,NULL,'Asa Rotativa | Mecânico de Manutenção Aeronautica'),(168,'Rubia Zingano Hinke','Marketing','009.258.510-86','Gui',NULL,NULL,'Coordenador de Marketing'),(169,'Sâmara Ferreira Duarte','Comercial Diamond','056.068.286-77','Cris',NULL,NULL,'Gerente Comercial '),(170,'Sandra Duarte De Souza Veissid','Administrativo/Recepção','664.075.830-04','Bianca',NULL,NULL,'Coordenadora Administrativa'),(171,'Tallis Fernando Mendes','Desenvolvimento de Negócios ','036.436.910-84','Leo',NULL,NULL,'Analista de desenvolvimento de negócios'),(172,'Thayna Gonzaga das Chagas','Logística','050.581.030-10','Everson',NULL,NULL,'Aprendiz logística'),(173,'Thiago Godoy da luz','Pista/Hangar - RO','390.608.258-02','Tiago/Comasseto',NULL,NULL,'Mecânico de Manutenção Aeronaútica'),(174,'Tiago do Nascimento Nunes','Pista/Hangar','060.583.359-14','Tiago/Zé',NULL,NULL,'Auxiliar de Mecânico de Manutenção Aeronáutica'),(175,'Tiago Garcia Pacheco','Pista/Hangar','032.354.390-13','Zanchi',NULL,NULL,'Coordenador de Pista/Hangar'),(176,'Tiago Isaias Miranda Oliveira','Pista/Hangar - Filial','067.208.766-94','Fabio',NULL,NULL,'Auxiliar Mecânico de Manutenção de Aeronaves'),(177,'Tiago Lucio Amancio Peixoto','Pista/Hangar - Filial','064.104.296-57','Fabio',NULL,NULL,'Auxiliar Mecânico de Manutenção de Aeronaves'),(178,'Timoteo Ignácio','Manutenção Predial','660.918.539-53','Moisés',NULL,NULL,'Auxiliar de Manutenção Predial'),(179,'Vagner Martins','SRM','006.801.140-76','Vandressa',NULL,NULL,'Analista de SRM'),(180,'Vandressa Teixeira de Moraes','SRM','017.941.540-94','Zanchi',NULL,NULL,'Coordenador de SRM '),(181,'Vilson dos Santos Farias','Eletrônica','668.633.410-34','Amilcar',NULL,NULL,'Mecânico de Manutenção Aeronáutica (AVIÔNICA)'),(182,'Vitor Viegas dos Santos','Dev','025.191.090-33','Mateus',NULL,NULL,'Assistente de Desenvolvimento '),(183,'Viviane da Silva Côrrea de Oliveira','Controle Interno','829.388.140-20','Cris',NULL,NULL,'Controller'),(184,'Walter Luiz Martins','Pista/Hangar','565.034.231-87','Fabio',NULL,NULL,'Mecânico de Manutenção Aeronáutica'),(185,'Wladimir Tavares da Rocha','Pista/Hangar','010.867.897.09','Tiago/Comasseto',NULL,NULL,'Mecânico de Manutenção Aeronáutica | RJ'),(186,'Yasmim Duarte Silva','Logística - Filial ','080.495.746-01','Adeilton',NULL,NULL,'Assistente de Logística');
/*!40000 ALTER TABLE `staff` ENABLE KEYS */;
UNLOCK TABLES;

--
-- Table structure for table `users`
--

DROP TABLE IF EXISTS `users`;
/*!40101 SET @saved_cs_client     = @@character_set_client */;
/*!50503 SET character_set_client = utf8mb4 */;
CREATE TABLE `users` (
  `id` bigint unsigned NOT NULL AUTO_INCREMENT,
  `gestor_id` varchar(255) COLLATE utf8mb4_unicode_ci DEFAULT NULL,
  `name` varchar(255) COLLATE utf8mb4_unicode_ci NOT NULL,
  `email` varchar(255) COLLATE utf8mb4_unicode_ci DEFAULT NULL,
  `cpf` varchar(255) COLLATE utf8mb4_unicode_ci DEFAULT NULL,
  `department` varchar(255) COLLATE utf8mb4_unicode_ci DEFAULT NULL,
  `function` varchar(255) COLLATE utf8mb4_unicode_ci DEFAULT NULL,
  `email_verified_at` timestamp NULL DEFAULT NULL,
  `password` varchar(255) COLLATE utf8mb4_unicode_ci NOT NULL DEFAULT '$2y$12$IeJ3kG5hHqpA1qONP90dFuClWt60MeVoalCBAnIBs2f09552fV1ri',
  `remember_token` varchar(100) COLLATE utf8mb4_unicode_ci DEFAULT NULL,
  `created_at` timestamp NULL DEFAULT NULL,
  `updated_at` timestamp NULL DEFAULT NULL,
  PRIMARY KEY (`id`),
  UNIQUE KEY `users_email_unique` (`email`),
  UNIQUE KEY `users_cpf_unique` (`cpf`)
) ENGINE=InnoDB AUTO_INCREMENT=475 DEFAULT CHARSET=utf8mb4 COLLATE=utf8mb4_unicode_ci;
/*!40101 SET character_set_client = @saved_cs_client */;

--
-- Dumping data for table `users`
--

LOCK TABLES `users` WRITE;
/*!40000 ALTER TABLE `users` DISABLE KEYS */;
INSERT INTO `users` VALUES (1,NULL,'Thiago Silva','adsl.thiago@gmail.com','82223378072','Desenvolvimento','Desenvolvedor',NULL,'$2y$12$uj3L2J9uYiDlqEnKT4ANKeCzERBOmayRYhWnq0O/bqtUjn7EbM096','C6vf9ea6B1fq9qnbw6xnChkTNEd4mRb2FBpDwx5cLLWNS0QjCFyj5OzzrRnk','2024-06-29 03:28:45','2024-06-29 03:28:45'),(2,NULL,'Adeilton Aprigio Souza',NULL,'04218645671','Logística  Filial ','Especialista de Logística ',NULL,'$2y$12$IeJ3kG5hHqpA1qONP90dFuClWt60MeVoalCBAnIBs2f09552fV1ri',NULL,NULL,NULL),(3,NULL,'Aidê Fontoura Malfatti Dalpiaz',NULL,'81225008034','SRM','Assistente de SRM',NULL,'$2y$12$IeJ3kG5hHqpA1qONP90dFuClWt60MeVoalCBAnIBs2f09552fV1ri',NULL,NULL,NULL),(4,NULL,'Alessandra Aparecida de Araujo',NULL,'99945029053','Financeiro','Analista Financeiro',NULL,'$2y$12$IeJ3kG5hHqpA1qONP90dFuClWt60MeVoalCBAnIBs2f09552fV1ri',NULL,NULL,NULL),(5,'22','Alessandra Martins',NULL,'02918485080','DHO','Analista de DHO',NULL,'$2y$12$IeJ3kG5hHqpA1qONP90dFuClWt60MeVoalCBAnIBs2f09552fV1ri',NULL,NULL,NULL),(6,NULL,'Alexandre da Silva Rocha',NULL,'63231590078','Pista/Hangar','Mecânico de Manutenção Aeronáutica',NULL,'$2y$12$IeJ3kG5hHqpA1qONP90dFuClWt60MeVoalCBAnIBs2f09552fV1ri',NULL,NULL,NULL),(7,NULL,'Alexandre Lima dos Santos',NULL,'91707277087','Eletrônica','Mecânico de Manutenção Aeronáutica',NULL,'$2y$12$IeJ3kG5hHqpA1qONP90dFuClWt60MeVoalCBAnIBs2f09552fV1ri',NULL,NULL,NULL),(8,NULL,'Alexandre Trindade Dalpiaz',NULL,'99623838034','Ferramentaria','Ferramenteiro',NULL,'$2y$12$IeJ3kG5hHqpA1qONP90dFuClWt60MeVoalCBAnIBs2f09552fV1ri',NULL,NULL,NULL),(9,NULL,'Allam Pereira Santos',NULL,'02295379016','Segurança do Trabalho','Técnico de Segurança do Trabalho',NULL,'$2y$12$IeJ3kG5hHqpA1qONP90dFuClWt60MeVoalCBAnIBs2f09552fV1ri',NULL,NULL,NULL),(10,'38','Amilcar Clementino Llantada Junior',NULL,'55385320030','Pista/Hangar','Responsável Técnico',NULL,'$2y$12$IeJ3kG5hHqpA1qONP90dFuClWt60MeVoalCBAnIBs2f09552fV1ri',NULL,NULL,NULL),(11,NULL,'Ana Paula da Silva Castorino',NULL,'05728917682','SRM  Filial','Especialista de SRM',NULL,'$2y$12$IeJ3kG5hHqpA1qONP90dFuClWt60MeVoalCBAnIBs2f09552fV1ri',NULL,NULL,NULL),(12,NULL,'Ana Paula de Freitas',NULL,'89683986072','Desenvolvimento de Negócios ','Gerente de Projetos',NULL,'$2y$12$IeJ3kG5hHqpA1qONP90dFuClWt60MeVoalCBAnIBs2f09552fV1ri',NULL,NULL,NULL),(13,NULL,'Ânderson de Moraes Soares',NULL,'81859759068','Compras','Analista de Compras',NULL,'$2y$12$IeJ3kG5hHqpA1qONP90dFuClWt60MeVoalCBAnIBs2f09552fV1ri',NULL,NULL,NULL),(14,NULL,'Anderson Gonçalves Jordão',NULL,'001702331113',' Pista/Hangar','Auxiliar de Mecânico de Manutenção Aeronautica',NULL,'$2y$12$IeJ3kG5hHqpA1qONP90dFuClWt60MeVoalCBAnIBs2f09552fV1ri',NULL,NULL,NULL),(15,NULL,'André Felipe de Araujo Roque',NULL,'14418470654',' Pista/Hangar  Filial','Auxiliar de Mecânico de Manutenção Aeronautica',NULL,'$2y$12$IeJ3kG5hHqpA1qONP90dFuClWt60MeVoalCBAnIBs2f09552fV1ri',NULL,NULL,NULL),(16,NULL,'André Gustavo Gomes Nazareth',NULL,'88304876787','Eletrônica','Mecânico de Manutenção Aeronáutica',NULL,'$2y$12$IeJ3kG5hHqpA1qONP90dFuClWt60MeVoalCBAnIBs2f09552fV1ri',NULL,NULL,NULL),(17,NULL,'Andre Magni de Morais',NULL,'12956903659','Comercial Diamond','Consultor de Vendas Diamond',NULL,'$2y$12$IeJ3kG5hHqpA1qONP90dFuClWt60MeVoalCBAnIBs2f09552fV1ri',NULL,NULL,NULL),(18,'38','André Zanchi da Costa',NULL,'55328253000','Pista/Hangar','Gerente de Produção ',NULL,'$2y$12$IeJ3kG5hHqpA1qONP90dFuClWt60MeVoalCBAnIBs2f09552fV1ri',NULL,NULL,NULL),(19,NULL,'Andréia de Azevedo Lopes',NULL,'00237380064','Departamento Pessoal','Consultora de DP',NULL,'$2y$12$IeJ3kG5hHqpA1qONP90dFuClWt60MeVoalCBAnIBs2f09552fV1ri',NULL,NULL,NULL),(20,NULL,'Anselmo da Costa Jadoski',NULL,'46305416087','Engenharia ','Consultor de Garantias',NULL,'$2y$12$IeJ3kG5hHqpA1qONP90dFuClWt60MeVoalCBAnIBs2f09552fV1ri',NULL,NULL,NULL),(21,NULL,'Bianca Caroline Camargos Guilherme',NULL,'11398301639','Administrativo','Analista administrativo',NULL,'$2y$12$IeJ3kG5hHqpA1qONP90dFuClWt60MeVoalCBAnIBs2f09552fV1ri',NULL,NULL,NULL),(22,'38','Bianca Schroeder Pereira',NULL,'02811657002','DHO','Consultora Interna de RH',NULL,'$2y$12$IeJ3kG5hHqpA1qONP90dFuClWt60MeVoalCBAnIBs2f09552fV1ri',NULL,NULL,NULL),(23,NULL,'Bilmar Oliveira Avelhaneda',NULL,'70242836020','Transporte logístico e de pessoas','Motorista Operacional',NULL,'$2y$12$IeJ3kG5hHqpA1qONP90dFuClWt60MeVoalCBAnIBs2f09552fV1ri',NULL,NULL,NULL),(24,NULL,'Bruna Bianchet Britto Hillal',NULL,'02416172000','Contábil/Fiscal','Especialista Contábil/Fiscal',NULL,'$2y$12$IeJ3kG5hHqpA1qONP90dFuClWt60MeVoalCBAnIBs2f09552fV1ri',NULL,NULL,NULL),(25,NULL,'Bruno de Figueiredo Gomes',NULL,'99539705053','Marketing','Analista de Marketing',NULL,'$2y$12$IeJ3kG5hHqpA1qONP90dFuClWt60MeVoalCBAnIBs2f09552fV1ri',NULL,NULL,NULL),(26,NULL,'Bruno Homero Consminski Lucas',NULL,'02162406039','Contratos/Licitações','Consultor de Atendimento',NULL,'$2y$12$IeJ3kG5hHqpA1qONP90dFuClWt60MeVoalCBAnIBs2f09552fV1ri',NULL,NULL,NULL),(27,NULL,'Carla de Mattos Cruz',NULL,'00104466057','Logística','Especialista de Logística ',NULL,'$2y$12$IeJ3kG5hHqpA1qONP90dFuClWt60MeVoalCBAnIBs2f09552fV1ri',NULL,NULL,NULL),(28,NULL,'Carlos Augusto Ferraz de Abreu',NULL,'01030504008','Desenvolvimento de negócios','Gerente de Contratos Estratégicos de Inovação',NULL,'$2y$12$IeJ3kG5hHqpA1qONP90dFuClWt60MeVoalCBAnIBs2f09552fV1ri',NULL,NULL,NULL),(29,NULL,'Carlos Eduardo de Souza Cirio',NULL,'33655294034','Pista/Hangar','Mecânico de Manutenção Aeronáutica',NULL,'$2y$12$IeJ3kG5hHqpA1qONP90dFuClWt60MeVoalCBAnIBs2f09552fV1ri',NULL,NULL,NULL),(30,NULL,'Carlos Magno Cardoso',NULL,'02070209652','Pista/Hangar  Filial','Auxiliar de Mecânico de Manutenção Aeronáutica',NULL,'$2y$12$IeJ3kG5hHqpA1qONP90dFuClWt60MeVoalCBAnIBs2f09552fV1ri',NULL,NULL,NULL),(31,'22','Caroline Coelho da Silva',NULL,'86206460010','DHO','Analista de DHO',NULL,'$2y$12$IeJ3kG5hHqpA1qONP90dFuClWt60MeVoalCBAnIBs2f09552fV1ri',NULL,NULL,NULL),(32,NULL,'Caroline Simões Medeiros',NULL,'84984414049','Contábil/Fiscal','Assistente Contábil/fiscal',NULL,'$2y$12$IeJ3kG5hHqpA1qONP90dFuClWt60MeVoalCBAnIBs2f09552fV1ri',NULL,NULL,NULL),(33,NULL,'Cesar Henrique Greb Olavarrieta',NULL,'26464858831','Pista/hangar','Mecânico de Manutenção Aeronáutico',NULL,'$2y$12$IeJ3kG5hHqpA1qONP90dFuClWt60MeVoalCBAnIBs2f09552fV1ri',NULL,NULL,NULL),(34,NULL,'Cintia Jacques da Silva',NULL,'00247309044','Central de experiência do cliente','Analista de Experiência do Cliente',NULL,'$2y$12$IeJ3kG5hHqpA1qONP90dFuClWt60MeVoalCBAnIBs2f09552fV1ri',NULL,NULL,NULL),(35,NULL,'Claudio Gilberto Zitto Junior',NULL,'63798018049','Engenharia ','Engenheiro Elétrico',NULL,'$2y$12$IeJ3kG5hHqpA1qONP90dFuClWt60MeVoalCBAnIBs2f09552fV1ri',NULL,NULL,NULL),(36,NULL,'Cleuza Ribeiro de Andrade',NULL,'49033573091','Diretoria','Assistente da Diretoria',NULL,'$2y$12$IeJ3kG5hHqpA1qONP90dFuClWt60MeVoalCBAnIBs2f09552fV1ri',NULL,NULL,NULL),(37,NULL,'Cristiane da Silva Correa',NULL,'04883688046','Logística','Assistente de Logística',NULL,'$2y$12$IeJ3kG5hHqpA1qONP90dFuClWt60MeVoalCBAnIBs2f09552fV1ri',NULL,NULL,NULL),(38,'','Cristiane Silva Cunha Aguiar',NULL,'03815303613','Diretoria','Vice  Presidente',NULL,'$2y$12$IeJ3kG5hHqpA1qONP90dFuClWt60MeVoalCBAnIBs2f09552fV1ri',NULL,NULL,NULL),(39,'38','Cristina Braunling',NULL,'93138806015','Diretoria','Secretária Executiva',NULL,'$2y$12$IeJ3kG5hHqpA1qONP90dFuClWt60MeVoalCBAnIBs2f09552fV1ri',NULL,NULL,NULL),(40,NULL,'Cristine de Oliveira Figueira',NULL,'00537726012','Financeiro','Analista Financeiro',NULL,'$2y$12$IeJ3kG5hHqpA1qONP90dFuClWt60MeVoalCBAnIBs2f09552fV1ri',NULL,NULL,NULL),(41,NULL,'Daniel Ivanowski da Silva',NULL,'00020944012','Compras','Analista de Compras',NULL,'$2y$12$IeJ3kG5hHqpA1qONP90dFuClWt60MeVoalCBAnIBs2f09552fV1ri',NULL,NULL,NULL),(42,NULL,'Daniel Nunes Pereira',NULL,'95690697087','SRM','Especialista de SRM',NULL,'$2y$12$IeJ3kG5hHqpA1qONP90dFuClWt60MeVoalCBAnIBs2f09552fV1ri',NULL,NULL,NULL),(43,NULL,'Daniela Oliveira dos Santos',NULL,'05454396044','SRM','Aprendiz de SRM',NULL,'$2y$12$IeJ3kG5hHqpA1qONP90dFuClWt60MeVoalCBAnIBs2f09552fV1ri',NULL,NULL,NULL),(44,NULL,'Danubio Augusto Engers Lisboa',NULL,'64148930006','Contratos/Licitações','Piloto',NULL,'$2y$12$IeJ3kG5hHqpA1qONP90dFuClWt60MeVoalCBAnIBs2f09552fV1ri',NULL,NULL,NULL),(45,NULL,'David Ramalho Evangelista',NULL,'06684326677','Pista/hangar','Mecânico de Manutenção Aeronáutico',NULL,'$2y$12$IeJ3kG5hHqpA1qONP90dFuClWt60MeVoalCBAnIBs2f09552fV1ri',NULL,NULL,NULL),(46,'22','Dayzelene Cristina Cardoso de Lima',NULL,'00882588664','Administrativo  Filial','Coordenador administrativo',NULL,'$2y$12$IeJ3kG5hHqpA1qONP90dFuClWt60MeVoalCBAnIBs2f09552fV1ri',NULL,NULL,NULL),(47,'38','Delmar de Souza Caçapietra',NULL,'80946941068','TI | Infra e Redes','Coordenador de Infraestrutura e Redes',NULL,'$2y$12$IeJ3kG5hHqpA1qONP90dFuClWt60MeVoalCBAnIBs2f09552fV1ri',NULL,NULL,NULL),(48,NULL,'Diego da Silva Saldanha',NULL,'01161162003','Engenharia ','Analista de Engenharia',NULL,'$2y$12$IeJ3kG5hHqpA1qONP90dFuClWt60MeVoalCBAnIBs2f09552fV1ri',NULL,NULL,NULL),(49,NULL,'Dorizete Tarciso Bilibio',NULL,'54458811053','Frota','Motorista Operacional',NULL,'$2y$12$IeJ3kG5hHqpA1qONP90dFuClWt60MeVoalCBAnIBs2f09552fV1ri',NULL,NULL,NULL),(50,NULL,'Edson Martins Elesbão',NULL,'96022981034','Departamento Pessoal','Analista de Departamento Pessoal',NULL,'$2y$12$IeJ3kG5hHqpA1qONP90dFuClWt60MeVoalCBAnIBs2f09552fV1ri',NULL,NULL,NULL),(51,NULL,'Erika Caroline Bueno de Farias',NULL,'01176199064','Faturamento','Analista de Faturamento',NULL,'$2y$12$IeJ3kG5hHqpA1qONP90dFuClWt60MeVoalCBAnIBs2f09552fV1ri',NULL,NULL,NULL),(52,NULL,'Erika Rezende Poltronieri',NULL,'01732375097','SGI','Analista Ambiental',NULL,'$2y$12$IeJ3kG5hHqpA1qONP90dFuClWt60MeVoalCBAnIBs2f09552fV1ri',NULL,NULL,NULL),(53,NULL,'Evandro Silveira Redante',NULL,'74114972072','Frota','Coordenador de Frotas',NULL,'$2y$12$IeJ3kG5hHqpA1qONP90dFuClWt60MeVoalCBAnIBs2f09552fV1ri',NULL,NULL,NULL),(54,NULL,'Everson Luis Benelli',NULL,'00335334075','Logística','Coordenador de Logística ',NULL,'$2y$12$IeJ3kG5hHqpA1qONP90dFuClWt60MeVoalCBAnIBs2f09552fV1ri',NULL,NULL,NULL),(55,NULL,'Fabiano Rodrigo Castagnetti Braga',NULL,'67383742087','Contratos/Licitações','Consultor de Atendimento',NULL,'$2y$12$IeJ3kG5hHqpA1qONP90dFuClWt60MeVoalCBAnIBs2f09552fV1ri',NULL,NULL,NULL),(56,NULL,'Fabio Rubini Castano',NULL,'04634753642','Pista/Hangar  Filial','Mecânico de Manutenção Aeronáutica',NULL,'$2y$12$IeJ3kG5hHqpA1qONP90dFuClWt60MeVoalCBAnIBs2f09552fV1ri',NULL,NULL,NULL),(57,'38','Felipe dos Santos Saraiva',NULL,'01611435048','SGI','Coordenador de Qualidade',NULL,'$2y$12$IeJ3kG5hHqpA1qONP90dFuClWt60MeVoalCBAnIBs2f09552fV1ri',NULL,NULL,NULL),(58,NULL,'Felipe Rodrigues Bettanzos',NULL,'01006359036','Engenharia ','Coordenador de Engenharia',NULL,'$2y$12$IeJ3kG5hHqpA1qONP90dFuClWt60MeVoalCBAnIBs2f09552fV1ri',NULL,NULL,NULL),(59,NULL,'Felipe Salvan da Costa e Silva',NULL,'02493651030','Engenharia ','Analista de Engenharia',NULL,'$2y$12$IeJ3kG5hHqpA1qONP90dFuClWt60MeVoalCBAnIBs2f09552fV1ri',NULL,NULL,NULL),(60,NULL,'Fernando da Silva Lopes',NULL,'02815077086','Acessórios, motores | END','Auxiliar de Mecânico de Manutenção Aeronáutica',NULL,'$2y$12$IeJ3kG5hHqpA1qONP90dFuClWt60MeVoalCBAnIBs2f09552fV1ri',NULL,NULL,NULL),(61,NULL,'Filipe Dal Ongaro Scholtz',NULL,'88051781015','Dev','Desenvolvedor',NULL,'$2y$12$IeJ3kG5hHqpA1qONP90dFuClWt60MeVoalCBAnIBs2f09552fV1ri',NULL,NULL,NULL),(62,NULL,'Gabriel Heinlein',NULL,'99859424004','Contratos/Licitações','Gerente de Contratos',NULL,'$2y$12$IeJ3kG5hHqpA1qONP90dFuClWt60MeVoalCBAnIBs2f09552fV1ri',NULL,NULL,NULL),(63,NULL,'Gabriel Lima Garcia',NULL,'04705625013','TI | Infra e Redes','Assistente de Infraestrutura e Redes',NULL,'$2y$12$IeJ3kG5hHqpA1qONP90dFuClWt60MeVoalCBAnIBs2f09552fV1ri',NULL,NULL,NULL),(64,NULL,'Gabriel Lucas Marques de Jesus',NULL,'11285570618','Pista/Hangar  Filial','Mecânico de Manutenção Aeronáutica',NULL,'$2y$12$IeJ3kG5hHqpA1qONP90dFuClWt60MeVoalCBAnIBs2f09552fV1ri',NULL,NULL,NULL),(65,NULL,'Gabriela Correa Falcão',NULL,'02710216086','Planejamento de Materiais','Planejador de Materiais',NULL,'$2y$12$IeJ3kG5hHqpA1qONP90dFuClWt60MeVoalCBAnIBs2f09552fV1ri',NULL,NULL,NULL),(66,NULL,'Gelson Luiz Junior Neves',NULL,'00679581090','Faturamento','Analista de Faturamento',NULL,'$2y$12$IeJ3kG5hHqpA1qONP90dFuClWt60MeVoalCBAnIBs2f09552fV1ri',NULL,NULL,NULL),(67,NULL,'Gêneses dos Santos Brito',NULL,'14967795684','Pista/Hangar  Filial','Auxiliar de Pista',NULL,'$2y$12$IeJ3kG5hHqpA1qONP90dFuClWt60MeVoalCBAnIBs2f09552fV1ri',NULL,NULL,NULL),(68,NULL,'Geovani Lima da Costa',NULL,'03177593027','SGI','Analista de Qualidade',NULL,'$2y$12$IeJ3kG5hHqpA1qONP90dFuClWt60MeVoalCBAnIBs2f09552fV1ri',NULL,NULL,NULL),(69,NULL,'Giovanni Killian dos Santos',NULL,'03425859080','Eletrônica','Mecânico de Manutenção Aeronáutica',NULL,'$2y$12$IeJ3kG5hHqpA1qONP90dFuClWt60MeVoalCBAnIBs2f09552fV1ri',NULL,NULL,NULL),(70,NULL,'Gisele Joana Martins Elias',NULL,'01336684607','Administrativo  Filial','Analista administrativo',NULL,'$2y$12$IeJ3kG5hHqpA1qONP90dFuClWt60MeVoalCBAnIBs2f09552fV1ri',NULL,NULL,NULL),(71,NULL,'Greice de Borba Werlang',NULL,'94576173049','Contratos/Licitações','Analista de Contratos/Licitações ',NULL,'$2y$12$IeJ3kG5hHqpA1qONP90dFuClWt60MeVoalCBAnIBs2f09552fV1ri',NULL,NULL,NULL),(72,NULL,'Guilherme Bolze dos Santos',NULL,'90283929049','Pista/Hangar','Mecânico de Manutenção Aeronáutica',NULL,'$2y$12$IeJ3kG5hHqpA1qONP90dFuClWt60MeVoalCBAnIBs2f09552fV1ri',NULL,NULL,NULL),(73,'38','Guilherme de Padua Alves',NULL,'01370299699','Comercial Diamond ','Piloto ',NULL,'$2y$12$IeJ3kG5hHqpA1qONP90dFuClWt60MeVoalCBAnIBs2f09552fV1ri',NULL,NULL,NULL),(74,NULL,'Guilherme Roberto da Cunha',NULL,'05870963656','Diretoria','Presidente',NULL,'$2y$12$IeJ3kG5hHqpA1qONP90dFuClWt60MeVoalCBAnIBs2f09552fV1ri',NULL,NULL,NULL),(75,NULL,'Henrique Araujo Aguiar',NULL,'01393929630','Pista/Hangar','Mecânico de Manutenção Aeronaútica',NULL,'$2y$12$IeJ3kG5hHqpA1qONP90dFuClWt60MeVoalCBAnIBs2f09552fV1ri',NULL,NULL,NULL),(76,NULL,'Henrique Costa Guimarães',NULL,'60207028044','Logística','Aprendiz de logística',NULL,'$2y$12$IeJ3kG5hHqpA1qONP90dFuClWt60MeVoalCBAnIBs2f09552fV1ri',NULL,NULL,NULL),(77,NULL,'Hermes Macedo Dias',NULL,'04238180666','Pista/Hangar  Filial','Mecânico de Manutenção Aeronáutica ',NULL,'$2y$12$IeJ3kG5hHqpA1qONP90dFuClWt60MeVoalCBAnIBs2f09552fV1ri',NULL,NULL,NULL),(78,NULL,'Higor Allan de Oliveira Viana',NULL,'82096414504','Pista/Hangar','Mecânico de Manutenção Aeronautica',NULL,'$2y$12$IeJ3kG5hHqpA1qONP90dFuClWt60MeVoalCBAnIBs2f09552fV1ri',NULL,NULL,NULL),(79,NULL,'Hugo de Souza Mainar',NULL,'09886692693','Comercial','Executivo Comercial',NULL,'$2y$12$IeJ3kG5hHqpA1qONP90dFuClWt60MeVoalCBAnIBs2f09552fV1ri',NULL,NULL,NULL),(80,NULL,'Hugo Leonardo Dominiak',NULL,'74773321091','TI | Infra e Redes','Analista de Infraestrutura e Redes',NULL,'$2y$12$IeJ3kG5hHqpA1qONP90dFuClWt60MeVoalCBAnIBs2f09552fV1ri',NULL,NULL,NULL),(81,NULL,'Icaro Guilherme Marques da Cunha Passos',NULL,'01879450631','Pista/Hangar  Filial','Auxiliar de Pista',NULL,'$2y$12$IeJ3kG5hHqpA1qONP90dFuClWt60MeVoalCBAnIBs2f09552fV1ri',NULL,NULL,NULL),(82,'11','Ingrid Roberta Reis Soares Martins',NULL,'09537114635','SRM  Filial','Analista de SRM',NULL,'$2y$12$IeJ3kG5hHqpA1qONP90dFuClWt60MeVoalCBAnIBs2f09552fV1ri',NULL,NULL,NULL),(83,NULL,'Israel Alves da Cruz',NULL,'08958848600','Engenharia ','Consultor Técnico',NULL,'$2y$12$IeJ3kG5hHqpA1qONP90dFuClWt60MeVoalCBAnIBs2f09552fV1ri',NULL,NULL,NULL),(84,NULL,'Ives Claudio Pacheco',NULL,'78463114091','Pista/Hangar','Piloto',NULL,'$2y$12$IeJ3kG5hHqpA1qONP90dFuClWt60MeVoalCBAnIBs2f09552fV1ri',NULL,NULL,NULL),(85,NULL,'James Tavares Pais',NULL,'89149106449','Pista/Hangar ','Mecânico de Manutenção Aeronautica',NULL,'$2y$12$IeJ3kG5hHqpA1qONP90dFuClWt60MeVoalCBAnIBs2f09552fV1ri',NULL,NULL,NULL),(86,NULL,'Janete do Prado',NULL,'53640055004','Limpeza','Auxiliar de Limpeza',NULL,'$2y$12$IeJ3kG5hHqpA1qONP90dFuClWt60MeVoalCBAnIBs2f09552fV1ri',NULL,NULL,NULL),(87,'38','Jaqueline Maria Cizmovski',NULL,'01371492042','Diretoria','Gerente administrativo',NULL,'$2y$12$IeJ3kG5hHqpA1qONP90dFuClWt60MeVoalCBAnIBs2f09552fV1ri',NULL,NULL,NULL),(88,NULL,'Jenifer Gomes da Rosa',NULL,'03193968005','SGI','Analista de Qualidade',NULL,'$2y$12$IeJ3kG5hHqpA1qONP90dFuClWt60MeVoalCBAnIBs2f09552fV1ri',NULL,NULL,NULL),(89,NULL,'Joao Victor Alves Fidellis',NULL,'14806668664','Pista/Hangar  Filial','Auxiliar Mecânico de Manutenção Aeronáutica',NULL,'$2y$12$IeJ3kG5hHqpA1qONP90dFuClWt60MeVoalCBAnIBs2f09552fV1ri',NULL,NULL,NULL),(90,'38','José Américo Leão',NULL,'50762478691','Projetos Vowe','Gerente de Projetos',NULL,'$2y$12$IeJ3kG5hHqpA1qONP90dFuClWt60MeVoalCBAnIBs2f09552fV1ri',NULL,NULL,NULL),(91,NULL,'José Antonio Dornelles da Rosa',NULL,'00476127033','Pista/Hangar','Mecânico de Manutenção Aeronáutica',NULL,'$2y$12$IeJ3kG5hHqpA1qONP90dFuClWt60MeVoalCBAnIBs2f09552fV1ri',NULL,NULL,NULL),(92,NULL,'Jose Helton Luiz De Oliveira',NULL,'78167922120','Pista/Hangar ','Mecânico de Manutenção Aeronáutica | Pista e Motores',NULL,'$2y$12$IeJ3kG5hHqpA1qONP90dFuClWt60MeVoalCBAnIBs2f09552fV1ri',NULL,NULL,NULL),(93,NULL,'José Luis da Silva Córdova',NULL,'40275809072','Pista/Hangar','Mecânico de Manutenção Aeronáutica | Pista e Motores',NULL,'$2y$12$IeJ3kG5hHqpA1qONP90dFuClWt60MeVoalCBAnIBs2f09552fV1ri',NULL,NULL,NULL),(94,NULL,'Joseane De Souza Gusmão Sandre',NULL,'03791941631','Comercial','Consultor de Vendas',NULL,'$2y$12$IeJ3kG5hHqpA1qONP90dFuClWt60MeVoalCBAnIBs2f09552fV1ri',NULL,NULL,NULL),(95,NULL,'Juares Viegas Ferreira Junior',NULL,'00592562069','Pista/Hangar ','Mecânico de Manutenção Aeronautica',NULL,'$2y$12$IeJ3kG5hHqpA1qONP90dFuClWt60MeVoalCBAnIBs2f09552fV1ri',NULL,NULL,NULL),(96,'22','Julia Antunes Brito',NULL,'60072937009','DHO','Aprendiz de DHO',NULL,'$2y$12$IeJ3kG5hHqpA1qONP90dFuClWt60MeVoalCBAnIBs2f09552fV1ri',NULL,NULL,NULL),(97,NULL,'Julia Fofonka Marcondes',NULL,'04544462096','Marketing','Assistente de Marketing',NULL,'$2y$12$IeJ3kG5hHqpA1qONP90dFuClWt60MeVoalCBAnIBs2f09552fV1ri',NULL,NULL,NULL),(98,NULL,'Juliana Roberta de Moura',NULL,'02538428084','Custos','Especialista de Custos',NULL,'$2y$12$IeJ3kG5hHqpA1qONP90dFuClWt60MeVoalCBAnIBs2f09552fV1ri',NULL,NULL,NULL),(99,NULL,'Juliane Silva dos Santos',NULL,'46610600082','Administrativo ','Assistente administrativo',NULL,'$2y$12$IeJ3kG5hHqpA1qONP90dFuClWt60MeVoalCBAnIBs2f09552fV1ri',NULL,NULL,NULL),(100,NULL,'Karine Zinn Ribeiro',NULL,'99003015015','Contratos/Licitações','Analista de Contratos/Licitações',NULL,'$2y$12$IeJ3kG5hHqpA1qONP90dFuClWt60MeVoalCBAnIBs2f09552fV1ri',NULL,NULL,NULL),(101,NULL,'Kleiton Araujo Silva',NULL,'06190597106','TI | Infra e Redes','Assistente de Infra/Redes',NULL,'$2y$12$IeJ3kG5hHqpA1qONP90dFuClWt60MeVoalCBAnIBs2f09552fV1ri',NULL,NULL,NULL),(102,NULL,'Larissa Morais de Oliveira',NULL,'85003441053','Custos','Assistente de Custos ',NULL,'$2y$12$IeJ3kG5hHqpA1qONP90dFuClWt60MeVoalCBAnIBs2f09552fV1ri',NULL,NULL,NULL),(103,NULL,'Laura Luiza Benfica Moreira',NULL,'10027601609','TI | Infra e Redes','Analista de Infraestrura e Redes',NULL,'$2y$12$IeJ3kG5hHqpA1qONP90dFuClWt60MeVoalCBAnIBs2f09552fV1ri',NULL,NULL,NULL),(104,NULL,'Leandro Ribeiro Goulart',NULL,'74491806004','Eletrônica','Mecânico de Manutenção Aeronáutica',NULL,'$2y$12$IeJ3kG5hHqpA1qONP90dFuClWt60MeVoalCBAnIBs2f09552fV1ri',NULL,NULL,NULL),(105,NULL,'Leonardo de Padua Andrade Filho',NULL,'03015015648','Desenvolvimento de Negócios ','Gerente de Desenvolvimento de Negócios',NULL,'$2y$12$IeJ3kG5hHqpA1qONP90dFuClWt60MeVoalCBAnIBs2f09552fV1ri',NULL,NULL,NULL),(106,NULL,'Leonardo Fernandes Libretti',NULL,'82425175091','Comercial','Consultor de Vendas',NULL,'$2y$12$IeJ3kG5hHqpA1qONP90dFuClWt60MeVoalCBAnIBs2f09552fV1ri',NULL,NULL,NULL),(107,NULL,'Leticia Angela Shinoda Sotelo',NULL,'00421231009','Segurança do Trabalho','Analista administrativo',NULL,'$2y$12$IeJ3kG5hHqpA1qONP90dFuClWt60MeVoalCBAnIBs2f09552fV1ri',NULL,NULL,NULL),(108,NULL,'Letícia Moro Rodrigues Silveira',NULL,'01743284004','Marketing','Analista de Marketing',NULL,'$2y$12$IeJ3kG5hHqpA1qONP90dFuClWt60MeVoalCBAnIBs2f09552fV1ri',NULL,NULL,NULL),(109,NULL,'Leticia Nunes',NULL,'00252087054','Financeiro','Analista Financeiro',NULL,'$2y$12$IeJ3kG5hHqpA1qONP90dFuClWt60MeVoalCBAnIBs2f09552fV1ri',NULL,NULL,NULL),(110,NULL,'Liliane da Silva Correa',NULL,'02123489069','Contábil/Fiscal','Analista Contábil/Fiscal',NULL,'$2y$12$IeJ3kG5hHqpA1qONP90dFuClWt60MeVoalCBAnIBs2f09552fV1ri',NULL,NULL,NULL),(111,NULL,'Lorenzo Anselmini Ortiz',NULL,'00768856078','SRM','Analista de SRM',NULL,'$2y$12$IeJ3kG5hHqpA1qONP90dFuClWt60MeVoalCBAnIBs2f09552fV1ri',NULL,NULL,NULL),(112,NULL,'Lorenzo Silva Castagnetti Braga',NULL,'05216373098','SRM','Aprendiz de SRM',NULL,'$2y$12$IeJ3kG5hHqpA1qONP90dFuClWt60MeVoalCBAnIBs2f09552fV1ri',NULL,NULL,NULL),(113,NULL,'Luan Maia Cittolin',NULL,'02923518012','Engenharia ','Assistente de Engenharia',NULL,'$2y$12$IeJ3kG5hHqpA1qONP90dFuClWt60MeVoalCBAnIBs2f09552fV1ri',NULL,NULL,NULL),(114,NULL,'Luciano Alves Lemes',NULL,'74717340000','Acessórios, motores | END','Auxiliar de Mecânico de Manutenção Aeronáutica',NULL,'$2y$12$IeJ3kG5hHqpA1qONP90dFuClWt60MeVoalCBAnIBs2f09552fV1ri',NULL,NULL,NULL),(115,NULL,'Luciano Inácio Batista',NULL,'04412773655','Pista/Hangar  Filial','Auxiliar de Mecânico de Manutenção Aeronáutica',NULL,'$2y$12$IeJ3kG5hHqpA1qONP90dFuClWt60MeVoalCBAnIBs2f09552fV1ri',NULL,NULL,NULL),(116,NULL,'Luis André Braz de Oliveira',NULL,'03052248081','Pista/Hangar','Auxiliar de Mecânico de Manutenção Aeronáutica',NULL,'$2y$12$IeJ3kG5hHqpA1qONP90dFuClWt60MeVoalCBAnIBs2f09552fV1ri',NULL,NULL,NULL),(117,NULL,'Luis Gustavo Mendes Santos',NULL,'14485574610','Pista/Hangar  Filial','Auxiliar de Mecânico de Manutenção Aeronáutica',NULL,'$2y$12$IeJ3kG5hHqpA1qONP90dFuClWt60MeVoalCBAnIBs2f09552fV1ri',NULL,NULL,NULL),(118,NULL,'Luiz Fernando Garcia Chiamente',NULL,'07201170899','Diretoria','Gerente de Manutenção',NULL,'$2y$12$IeJ3kG5hHqpA1qONP90dFuClWt60MeVoalCBAnIBs2f09552fV1ri',NULL,NULL,NULL),(119,NULL,'Luiz Roberto Cizmovski Junior',NULL,'84649860091','Contábil/Fiscal','Coordenador Contábil/Fiscal',NULL,'$2y$12$IeJ3kG5hHqpA1qONP90dFuClWt60MeVoalCBAnIBs2f09552fV1ri',NULL,NULL,NULL),(120,NULL,'Luiza Fernandes Miranda',NULL,'70000456632','Comercial','Consultor de Vendas',NULL,'$2y$12$IeJ3kG5hHqpA1qONP90dFuClWt60MeVoalCBAnIBs2f09552fV1ri',NULL,NULL,NULL),(121,NULL,'Marcelo Comassetto',NULL,'02847480056','Pista/Hangar','Mecânico de Manutenção Aeronáutica | Pista e Motores',NULL,'$2y$12$IeJ3kG5hHqpA1qONP90dFuClWt60MeVoalCBAnIBs2f09552fV1ri',NULL,NULL,NULL),(122,NULL,'Marcelo de Oliveira Abel',NULL,'03220582010','Pista/Hangar','Auxiliar de Mecânico de Manutenção Aeronáutica',NULL,'$2y$12$IeJ3kG5hHqpA1qONP90dFuClWt60MeVoalCBAnIBs2f09552fV1ri',NULL,NULL,NULL),(123,NULL,'Marcelo de Oliveira Fortunato',NULL,'07687341775','Pista/Hangar ','Mecânico de Manutenção Aeronáutica | Filial RJ',NULL,'$2y$12$IeJ3kG5hHqpA1qONP90dFuClWt60MeVoalCBAnIBs2f09552fV1ri',NULL,NULL,NULL),(124,NULL,'Marco Aurélio Maia Fão',NULL,'49540181020','Acessórios, motores | END','Mecânico de Manutenção Aeronáutica',NULL,'$2y$12$IeJ3kG5hHqpA1qONP90dFuClWt60MeVoalCBAnIBs2f09552fV1ri',NULL,NULL,NULL),(125,NULL,'Marcos Bertoni Scussel',NULL,'03729558005','Eletrônica','Mecânico de Manutenção Aeronáutica',NULL,'$2y$12$IeJ3kG5hHqpA1qONP90dFuClWt60MeVoalCBAnIBs2f09552fV1ri',NULL,NULL,NULL),(126,NULL,'Marcos De Oliveira Fagundes',NULL,'52317625049','Pista/Hangar','Mecânico de Manutenção Aeronáutica | Pista e Motores',NULL,'$2y$12$IeJ3kG5hHqpA1qONP90dFuClWt60MeVoalCBAnIBs2f09552fV1ri',NULL,NULL,NULL),(127,NULL,'Maria Clara Nery Narciso',NULL,'12706360658','Pista/Hangar','Assistente de Manutenção Aeronáutica',NULL,'$2y$12$IeJ3kG5hHqpA1qONP90dFuClWt60MeVoalCBAnIBs2f09552fV1ri',NULL,NULL,NULL),(128,'38','Maria Izabel Rodrigues Daher',NULL,'69343268149','Comercial','Gerente Comercial ',NULL,'$2y$12$IeJ3kG5hHqpA1qONP90dFuClWt60MeVoalCBAnIBs2f09552fV1ri',NULL,NULL,NULL),(129,'22','Maria Luiza Pavão Guimarães',NULL,'00488351022','DHO','Analista de DHO',NULL,'$2y$12$IeJ3kG5hHqpA1qONP90dFuClWt60MeVoalCBAnIBs2f09552fV1ri',NULL,NULL,NULL),(130,NULL,'Mariana de Queiroz de Souza',NULL,'03810005088','Contratos/Licitações','Analista Jurídico',NULL,'$2y$12$IeJ3kG5hHqpA1qONP90dFuClWt60MeVoalCBAnIBs2f09552fV1ri',NULL,NULL,NULL),(131,NULL,'Marlon Douglas Duarte da Silva',NULL,'03970847060','Contábil/Fiscal','Assistente Contábil/fiscal ',NULL,'$2y$12$IeJ3kG5hHqpA1qONP90dFuClWt60MeVoalCBAnIBs2f09552fV1ri',NULL,NULL,NULL),(132,NULL,'Mateus Kioshi de Castilho Otabe',NULL,'37704121847','Dev','Desenvolvedor',NULL,'$2y$12$IeJ3kG5hHqpA1qONP90dFuClWt60MeVoalCBAnIBs2f09552fV1ri',NULL,NULL,NULL),(133,NULL,'Matheus Grassi Milanezi',NULL,'02597282090','Dev','Desenvolvedor',NULL,'$2y$12$IeJ3kG5hHqpA1qONP90dFuClWt60MeVoalCBAnIBs2f09552fV1ri',NULL,NULL,NULL),(134,'18','Maureen Caetano Junqueira Schepp',NULL,'00176217045','Planejamento','Planejador de Materiais',NULL,'$2y$12$IeJ3kG5hHqpA1qONP90dFuClWt60MeVoalCBAnIBs2f09552fV1ri',NULL,NULL,NULL),(135,NULL,'Mayko Diehl Boeira',NULL,'02086185030','Pista/Hangar','Auxiliar de Mecânico de Manutenção Aeronáutica',NULL,'$2y$12$IeJ3kG5hHqpA1qONP90dFuClWt60MeVoalCBAnIBs2f09552fV1ri',NULL,NULL,NULL),(136,NULL,'Moises Jardim Bellissimo',NULL,'78505399072','Segurança do Trabalho','Técnico de Segurança do Trabalho',NULL,'$2y$12$IeJ3kG5hHqpA1qONP90dFuClWt60MeVoalCBAnIBs2f09552fV1ri',NULL,NULL,NULL),(137,NULL,'Murilo Schilling Wendt',NULL,'04163759018','SGI','Analista Ambiental',NULL,'$2y$12$IeJ3kG5hHqpA1qONP90dFuClWt60MeVoalCBAnIBs2f09552fV1ri',NULL,NULL,NULL),(138,NULL,'Nicholas Damasceno Ostrovski',NULL,'86843958087','Desenvolvimento de Negócios ','Analista de Desenvolvimento de Negócios Internacionais',NULL,'$2y$12$IeJ3kG5hHqpA1qONP90dFuClWt60MeVoalCBAnIBs2f09552fV1ri',NULL,NULL,NULL),(139,NULL,'Nilo Sebastião Marques de Souza',NULL,'34951750082','Planejamento de Materiais','Planejador de Materiais',NULL,'$2y$12$IeJ3kG5hHqpA1qONP90dFuClWt60MeVoalCBAnIBs2f09552fV1ri',NULL,NULL,NULL),(140,NULL,'Nilton Drunn Rodolfo',NULL,'01966070004','Compras','Analista de Comercio Exterior',NULL,'$2y$12$IeJ3kG5hHqpA1qONP90dFuClWt60MeVoalCBAnIBs2f09552fV1ri',NULL,NULL,NULL),(141,NULL,'Noeli Amaral Goularte',NULL,'76472809020','Administrativo ','Assistente administrativo',NULL,'$2y$12$IeJ3kG5hHqpA1qONP90dFuClWt60MeVoalCBAnIBs2f09552fV1ri',NULL,NULL,NULL),(142,NULL,'Paulo Roberto da Silveira Junior',NULL,'00315687002','Pista/Hangar','Auxiliar de Mecânico de Manutenção Aeronáutica',NULL,'$2y$12$IeJ3kG5hHqpA1qONP90dFuClWt60MeVoalCBAnIBs2f09552fV1ri',NULL,NULL,NULL),(143,NULL,'Pedro Ernani Lima da Silva',NULL,'48407682004','Limpeza','Auxiliar de Limpeza',NULL,'$2y$12$IeJ3kG5hHqpA1qONP90dFuClWt60MeVoalCBAnIBs2f09552fV1ri',NULL,NULL,NULL),(144,NULL,'Pedro Jandir Rodrigues Cavalheiro',NULL,'25390716000','Frota','Motorista Operacional',NULL,'$2y$12$IeJ3kG5hHqpA1qONP90dFuClWt60MeVoalCBAnIBs2f09552fV1ri',NULL,NULL,NULL),(145,NULL,'Pedro Lucas Franca Alves',NULL,'07274411675','Engenharia ','Assistente de Engenharia',NULL,'$2y$12$IeJ3kG5hHqpA1qONP90dFuClWt60MeVoalCBAnIBs2f09552fV1ri',NULL,NULL,NULL),(146,NULL,'Raí Souza Santana',NULL,'09489600601','Pista/Hangar','Assistente de Manutenção Aeronáutica',NULL,'$2y$12$IeJ3kG5hHqpA1qONP90dFuClWt60MeVoalCBAnIBs2f09552fV1ri',NULL,NULL,NULL),(147,NULL,'Raquel Queiroz Andreazza',NULL,'03313668003','Marketing','Analista de Marketing',NULL,'$2y$12$IeJ3kG5hHqpA1qONP90dFuClWt60MeVoalCBAnIBs2f09552fV1ri',NULL,NULL,NULL),(148,NULL,'Renata Correa Caetano da Cruz',NULL,'84783613087','Departamento Pessoal','Assistente de Departamento Pessoal',NULL,'$2y$12$IeJ3kG5hHqpA1qONP90dFuClWt60MeVoalCBAnIBs2f09552fV1ri',NULL,NULL,NULL),(149,NULL,'Renatta Alf de Azambuja',NULL,'01141241080','Marketing','Analista de Marketing',NULL,'$2y$12$IeJ3kG5hHqpA1qONP90dFuClWt60MeVoalCBAnIBs2f09552fV1ri',NULL,NULL,NULL),(150,NULL,'Ricardo Ekman Ayub',NULL,'98883992091','Acessórios, motores | END','Mecânico de Manutenção Aeronaútica',NULL,'$2y$12$IeJ3kG5hHqpA1qONP90dFuClWt60MeVoalCBAnIBs2f09552fV1ri',NULL,NULL,NULL),(151,NULL,'Richard Aquino Bejarano',NULL,'63334399087','Compras','Analista de Compras',NULL,'$2y$12$IeJ3kG5hHqpA1qONP90dFuClWt60MeVoalCBAnIBs2f09552fV1ri',NULL,NULL,NULL),(152,NULL,'Robinson Luís de Almeida Caetano',NULL,'01825898030','Logística','Analista de Logística ',NULL,'$2y$12$IeJ3kG5hHqpA1qONP90dFuClWt60MeVoalCBAnIBs2f09552fV1ri',NULL,NULL,NULL),(153,NULL,'Robson Gomes da Silva Junior',NULL,'39323391859','Pista/Hangar ','Mecânico de Manutenção de Aeronaves ',NULL,'$2y$12$IeJ3kG5hHqpA1qONP90dFuClWt60MeVoalCBAnIBs2f09552fV1ri',NULL,NULL,NULL),(154,NULL,'Robson Santos Porto',NULL,'01293051039','TI | Infra e Redes','Analista de Infraestrutura e Redes',NULL,'$2y$12$IeJ3kG5hHqpA1qONP90dFuClWt60MeVoalCBAnIBs2f09552fV1ri',NULL,NULL,NULL),(155,NULL,'Ronald Castro Alves',NULL,'18129970864','Pista/Hangar ','Mecânico de Manutenção Aeronautica',NULL,'$2y$12$IeJ3kG5hHqpA1qONP90dFuClWt60MeVoalCBAnIBs2f09552fV1ri',NULL,NULL,NULL),(156,NULL,'Rubia Zingano Hinke',NULL,'00925851086','Marketing','Gerente de Marketing e Relacionamento',NULL,'$2y$12$IeJ3kG5hHqpA1qONP90dFuClWt60MeVoalCBAnIBs2f09552fV1ri',NULL,NULL,NULL),(157,'38','Sâmara Ferreira Duarte',NULL,'05606828677','Comercial Diamond','Executivo de Vendas Diamond',NULL,'$2y$12$IeJ3kG5hHqpA1qONP90dFuClWt60MeVoalCBAnIBs2f09552fV1ri',NULL,NULL,NULL),(158,NULL,'Sandra Duarte De Souza Veissid',NULL,'66407583004','Administrativo/Recepção','Coordenadora Administrativa',NULL,'$2y$12$IeJ3kG5hHqpA1qONP90dFuClWt60MeVoalCBAnIBs2f09552fV1ri',NULL,NULL,NULL),(159,NULL,'Tallis Fernando Mendes',NULL,'03643691084','Desenvolvimento de Negócios ','Analista de desenvolvimento de negócios',NULL,'$2y$12$IeJ3kG5hHqpA1qONP90dFuClWt60MeVoalCBAnIBs2f09552fV1ri',NULL,NULL,NULL),(160,NULL,'Thayna Gonzaga das Chagas',NULL,'05058103010','Logística','Aprendiz de logística',NULL,'$2y$12$IeJ3kG5hHqpA1qONP90dFuClWt60MeVoalCBAnIBs2f09552fV1ri',NULL,NULL,NULL),(161,NULL,'Thiago Godoy da luz',NULL,'39060825802','Pista/Hangar','Mecânico de Manutenção Aeronaútica',NULL,'$2y$12$IeJ3kG5hHqpA1qONP90dFuClWt60MeVoalCBAnIBs2f09552fV1ri',NULL,NULL,NULL),(162,NULL,'Tiago do Nascimento Nunes',NULL,'06058335914','Pista/Hangar','Auxiliar de Mecânico de Manutenção Aeronáutica',NULL,'$2y$12$IeJ3kG5hHqpA1qONP90dFuClWt60MeVoalCBAnIBs2f09552fV1ri',NULL,NULL,NULL),(163,'18','Tiago Garcia Pacheco',NULL,'03235439013','Pista/Hangar','Coordenador de Pista/Hangar',NULL,'$2y$12$IeJ3kG5hHqpA1qONP90dFuClWt60MeVoalCBAnIBs2f09552fV1ri',NULL,NULL,NULL),(164,NULL,'Tiago Isaias Miranda Oliveira',NULL,'06720876694','Pista/Hangar  Filial','Auxiliar de Mecânico de Manutenção Aeronáutica',NULL,'$2y$12$IeJ3kG5hHqpA1qONP90dFuClWt60MeVoalCBAnIBs2f09552fV1ri',NULL,NULL,NULL),(165,NULL,'Tiago Lucio Amancio Peixoto',NULL,'06410429657','Pista/Hangar  Filial','Auxiliar de Mecânico de Manutenção Aeronáutica',NULL,'$2y$12$IeJ3kG5hHqpA1qONP90dFuClWt60MeVoalCBAnIBs2f09552fV1ri',NULL,NULL,NULL),(166,NULL,'Timoteo Ignácio',NULL,'66091853953','Manutenção Predial','Auxiliar de Manutenção Predial',NULL,'$2y$12$IeJ3kG5hHqpA1qONP90dFuClWt60MeVoalCBAnIBs2f09552fV1ri',NULL,NULL,NULL),(167,NULL,'Vagner Martins',NULL,'00680114076','SRM','Analista de SRM',NULL,'$2y$12$IeJ3kG5hHqpA1qONP90dFuClWt60MeVoalCBAnIBs2f09552fV1ri',NULL,NULL,NULL),(168,'18','Vandressa Teixeira de Moraes',NULL,'01794154094','SRM','Coordenador de SRM ',NULL,'$2y$12$IeJ3kG5hHqpA1qONP90dFuClWt60MeVoalCBAnIBs2f09552fV1ri',NULL,NULL,NULL),(169,'10','Vilson dos Santos Farias',NULL,'66863341034','Eletrônica','Mecânico de Manutenção Aeronáutica',NULL,'$2y$12$IeJ3kG5hHqpA1qONP90dFuClWt60MeVoalCBAnIBs2f09552fV1ri',NULL,NULL,NULL),(170,NULL,'Vitor Viegas dos Santos',NULL,'02519109033','Dev','Assistente de Desenvolvimento ',NULL,'$2y$12$IeJ3kG5hHqpA1qONP90dFuClWt60MeVoalCBAnIBs2f09552fV1ri',NULL,NULL,NULL),(171,'38','Viviane da Silva Côrrea de Oliveira',NULL,'82938814020','Controle Interno','Controller',NULL,'$2y$12$IeJ3kG5hHqpA1qONP90dFuClWt60MeVoalCBAnIBs2f09552fV1ri',NULL,NULL,NULL),(172,NULL,'Walter Luiz Martins',NULL,'56503423187','Pista/Hangar','Mecânico de Manutenção Aeronáutica',NULL,'$2y$12$IeJ3kG5hHqpA1qONP90dFuClWt60MeVoalCBAnIBs2f09552fV1ri',NULL,NULL,NULL),(173,NULL,'Wladimir Tavares da Rocha',NULL,'01086789709','Pista/Hangar','Mecânico de Manutenção Aeronáutica | RJ',NULL,'$2y$12$IeJ3kG5hHqpA1qONP90dFuClWt60MeVoalCBAnIBs2f09552fV1ri',NULL,NULL,NULL),(174,'2','Yasmim Duarte Silva',NULL,'08049574601','Logística  Filial ','Assistente de Logística',NULL,'$2y$12$IeJ3kG5hHqpA1qONP90dFuClWt60MeVoalCBAnIBs2f09552fV1ri',NULL,NULL,NULL),(175,NULL,'Dr. Rodrigo Théo Batista Jr.','acordeiro@example.org',NULL,NULL,NULL,'2024-06-29 21:14:05','$2y$12$M/7Psp8TGQ3Kf6wxBUmsTOTzIKZMcFJoWVBk29b/ZzWVxOSswwBFG','5DBZgpNsxM','2024-06-29 21:14:05','2024-06-29 21:14:05'),(176,NULL,'Ketlin Marques','echaves@example.com',NULL,NULL,NULL,'2024-06-29 21:14:05','$2y$12$M/7Psp8TGQ3Kf6wxBUmsTOTzIKZMcFJoWVBk29b/ZzWVxOSswwBFG','HGrInntzSh','2024-06-29 21:14:05','2024-06-29 21:14:05'),(177,NULL,'Sra. Ellen Leal Zambrano','josue.cervantes@example.org',NULL,NULL,NULL,'2024-06-29 21:14:05','$2y$12$M/7Psp8TGQ3Kf6wxBUmsTOTzIKZMcFJoWVBk29b/ZzWVxOSswwBFG','FMCbdwCsdP','2024-06-29 21:14:05','2024-06-29 21:14:05'),(178,NULL,'Débora Lidiane Queirós Jr.','denise42@example.net',NULL,NULL,NULL,'2024-06-29 21:14:05','$2y$12$M/7Psp8TGQ3Kf6wxBUmsTOTzIKZMcFJoWVBk29b/ZzWVxOSswwBFG','xXMcUhJweX','2024-06-29 21:14:05','2024-06-29 21:14:05'),(179,NULL,'Cynthia Mia Guerra Jr.','daniel.dearruda@example.org',NULL,NULL,NULL,'2024-06-29 21:14:05','$2y$12$M/7Psp8TGQ3Kf6wxBUmsTOTzIKZMcFJoWVBk29b/ZzWVxOSswwBFG','GiALEn6Uud','2024-06-29 21:14:05','2024-06-29 21:14:05'),(180,NULL,'Fábio Ivan Ferreira Sobrinho','tbeltrao@example.net',NULL,NULL,NULL,'2024-06-29 21:14:05','$2y$12$M/7Psp8TGQ3Kf6wxBUmsTOTzIKZMcFJoWVBk29b/ZzWVxOSswwBFG','tKnF3zyD6U','2024-06-29 21:14:05','2024-06-29 21:14:05'),(181,NULL,'Maraisa Leon Filho','isabella52@example.com',NULL,NULL,NULL,'2024-06-29 21:14:05','$2y$12$M/7Psp8TGQ3Kf6wxBUmsTOTzIKZMcFJoWVBk29b/ZzWVxOSswwBFG','yvcPkO8xeJ','2024-06-29 21:14:05','2024-06-29 21:14:05'),(182,NULL,'Sra. Daiana Velasques Sobrinho','joyce18@example.net',NULL,NULL,NULL,'2024-06-29 21:14:05','$2y$12$M/7Psp8TGQ3Kf6wxBUmsTOTzIKZMcFJoWVBk29b/ZzWVxOSswwBFG','FoOcbzKQCD','2024-06-29 21:14:05','2024-06-29 21:14:05'),(183,NULL,'Tâmara Jimenes Casanova Jr.','dacruz.emerson@example.org',NULL,NULL,NULL,'2024-06-29 21:14:05','$2y$12$M/7Psp8TGQ3Kf6wxBUmsTOTzIKZMcFJoWVBk29b/ZzWVxOSswwBFG','CNDNLbqqU5','2024-06-29 21:14:05','2024-06-29 21:14:05'),(184,NULL,'Srta. Emanuelly Sandoval Filho','marinho.agostinho@example.net',NULL,NULL,NULL,'2024-06-29 21:14:05','$2y$12$M/7Psp8TGQ3Kf6wxBUmsTOTzIKZMcFJoWVBk29b/ZzWVxOSswwBFG','tCS2TPl6yf','2024-06-29 21:14:05','2024-06-29 21:14:05'),(185,NULL,'Dr. James Vila Branco Neto','regina74@example.net',NULL,NULL,NULL,'2024-06-29 21:14:39','$2y$12$fZs89sAJ9g7gOQemXS2X4eECBWgZUT.CNIq4lNMOLToFk/1nLBy86','ACTIKYl7tl','2024-06-29 21:14:39','2024-06-29 21:14:39'),(186,NULL,'Milena Pacheco','jaqueline.alves@example.org',NULL,NULL,NULL,'2024-06-29 21:14:39','$2y$12$fZs89sAJ9g7gOQemXS2X4eECBWgZUT.CNIq4lNMOLToFk/1nLBy86','OOshPyeg5v','2024-06-29 21:14:39','2024-06-29 21:14:39'),(187,NULL,'Dr. Renato Gonçalves D\'ávila','vpaes@example.org',NULL,NULL,NULL,'2024-06-29 21:14:39','$2y$12$fZs89sAJ9g7gOQemXS2X4eECBWgZUT.CNIq4lNMOLToFk/1nLBy86','EEmTVx2tnx','2024-06-29 21:14:39','2024-06-29 21:14:39'),(188,NULL,'Dr. Christopher Reis','francisco.azevedo@example.org',NULL,NULL,NULL,'2024-06-29 21:14:39','$2y$12$fZs89sAJ9g7gOQemXS2X4eECBWgZUT.CNIq4lNMOLToFk/1nLBy86','TcFHpdpzKj','2024-06-29 21:14:39','2024-06-29 21:14:39'),(189,NULL,'Sra. Gisela Salgado','deoliveira.moises@example.org',NULL,NULL,NULL,'2024-06-29 21:14:39','$2y$12$fZs89sAJ9g7gOQemXS2X4eECBWgZUT.CNIq4lNMOLToFk/1nLBy86','CaYYJfR4Rm','2024-06-29 21:14:39','2024-06-29 21:14:39'),(190,NULL,'Rayane Pontes Sobrinho','barreto.inacio@example.net',NULL,NULL,NULL,'2024-06-29 21:14:39','$2y$12$fZs89sAJ9g7gOQemXS2X4eECBWgZUT.CNIq4lNMOLToFk/1nLBy86','pGqUdVws8H','2024-06-29 21:14:39','2024-06-29 21:14:39'),(191,NULL,'George Franco Jr.','spadilha@example.net',NULL,NULL,NULL,'2024-06-29 21:14:39','$2y$12$fZs89sAJ9g7gOQemXS2X4eECBWgZUT.CNIq4lNMOLToFk/1nLBy86','FHaLaa1L3e','2024-06-29 21:14:39','2024-06-29 21:14:39'),(192,NULL,'Srta. Cláudia Marés Neto','claudia27@example.com',NULL,NULL,NULL,'2024-06-29 21:14:39','$2y$12$fZs89sAJ9g7gOQemXS2X4eECBWgZUT.CNIq4lNMOLToFk/1nLBy86','9Ln1T7FWzF','2024-06-29 21:14:39','2024-06-29 21:14:39'),(193,NULL,'Stephanie Marília Ortega Jr.','luiza.vega@example.net',NULL,NULL,NULL,'2024-06-29 21:14:39','$2y$12$fZs89sAJ9g7gOQemXS2X4eECBWgZUT.CNIq4lNMOLToFk/1nLBy86','Y9QoZD4XfZ','2024-06-29 21:14:39','2024-06-29 21:14:39'),(194,NULL,'Srta. Nicole Clara Meireles Jr.','eloa85@example.com',NULL,NULL,NULL,'2024-06-29 21:14:39','$2y$12$fZs89sAJ9g7gOQemXS2X4eECBWgZUT.CNIq4lNMOLToFk/1nLBy86','dbebc1V4i3','2024-06-29 21:14:39','2024-06-29 21:14:39'),(195,NULL,'Dr. Maurício Márcio Perez','beltrao.juan@example.org',NULL,NULL,NULL,'2024-06-29 21:15:07','$2y$12$YSm8dT1uUxbtF0qybd4ezuS3t11jGYxnctUzHDsAw10i0g7x8pKja','a9PpXF3hcz','2024-06-29 21:15:07','2024-06-29 21:15:07'),(196,NULL,'Dr. Alice Azevedo','erik.faro@example.net',NULL,NULL,NULL,'2024-06-29 21:15:07','$2y$12$YSm8dT1uUxbtF0qybd4ezuS3t11jGYxnctUzHDsAw10i0g7x8pKja','7n8umTr7gn','2024-06-29 21:15:07','2024-06-29 21:15:07'),(197,NULL,'Sergio Espinoza Filho','zflores@example.org',NULL,NULL,NULL,'2024-06-29 21:15:07','$2y$12$YSm8dT1uUxbtF0qybd4ezuS3t11jGYxnctUzHDsAw10i0g7x8pKja','7Y32XchmUm','2024-06-29 21:15:07','2024-06-29 21:15:07'),(198,NULL,'Srta. Naomi Lorena Brito Neto','lbarreto@example.net',NULL,NULL,NULL,'2024-06-29 21:15:07','$2y$12$YSm8dT1uUxbtF0qybd4ezuS3t11jGYxnctUzHDsAw10i0g7x8pKja','JFx0xeFTgY','2024-06-29 21:15:07','2024-06-29 21:15:07'),(199,NULL,'Sra. Sophie Daiane Soares Neto','elizabeth.deoliveira@example.com',NULL,NULL,NULL,'2024-06-29 21:15:07','$2y$12$YSm8dT1uUxbtF0qybd4ezuS3t11jGYxnctUzHDsAw10i0g7x8pKja','lqSVjevI5X','2024-06-29 21:15:07','2024-06-29 21:15:07'),(200,NULL,'Sr. Saulo de Souza Teles','hlourenco@example.org',NULL,NULL,NULL,'2024-06-29 21:15:07','$2y$12$YSm8dT1uUxbtF0qybd4ezuS3t11jGYxnctUzHDsAw10i0g7x8pKja','eISNCHL1nE','2024-06-29 21:15:07','2024-06-29 21:15:07'),(201,NULL,'Dr. Léia Burgos','paranda@example.com',NULL,NULL,NULL,'2024-06-29 21:15:07','$2y$12$YSm8dT1uUxbtF0qybd4ezuS3t11jGYxnctUzHDsAw10i0g7x8pKja','i6niDDSiZF','2024-06-29 21:15:07','2024-06-29 21:15:07'),(202,NULL,'Dr. Ziraldo George Rodrigues Sobrinho','rafaela86@example.org',NULL,NULL,NULL,'2024-06-29 21:15:07','$2y$12$YSm8dT1uUxbtF0qybd4ezuS3t11jGYxnctUzHDsAw10i0g7x8pKja','yfAn51aCvA','2024-06-29 21:15:07','2024-06-29 21:15:07'),(203,NULL,'Cristiano de Souza Jr.','gil.vinicius@example.net',NULL,NULL,NULL,'2024-06-29 21:15:07','$2y$12$YSm8dT1uUxbtF0qybd4ezuS3t11jGYxnctUzHDsAw10i0g7x8pKja','PMTYlGIcN5','2024-06-29 21:15:07','2024-06-29 21:15:07'),(204,NULL,'Agostinho Verdara Jr.','padrao.eunice@example.com',NULL,NULL,NULL,'2024-06-29 21:15:07','$2y$12$YSm8dT1uUxbtF0qybd4ezuS3t11jGYxnctUzHDsAw10i0g7x8pKja','Ze9uRp9QzR','2024-06-29 21:15:07','2024-06-29 21:15:07'),(205,NULL,'Renato Queirós Rivera','guilherme51@example.com',NULL,NULL,NULL,'2024-06-29 21:15:30','$2y$12$za1dLcxSKNbN5Xow6P17KusKNTnF3ZnvPrUrANDAI0RTK6ELikbLu','n1vkBMWstM','2024-06-29 21:15:30','2024-06-29 21:15:30'),(206,NULL,'Christopher Lucas Grego','cauan.sanches@example.org',NULL,NULL,NULL,'2024-06-29 21:15:30','$2y$12$za1dLcxSKNbN5Xow6P17KusKNTnF3ZnvPrUrANDAI0RTK6ELikbLu','fzAVnK3SHp','2024-06-29 21:15:30','2024-06-29 21:15:30'),(207,NULL,'Dr. Reinaldo Pena Filho','barbara.prado@example.com',NULL,NULL,NULL,'2024-06-29 21:15:30','$2y$12$za1dLcxSKNbN5Xow6P17KusKNTnF3ZnvPrUrANDAI0RTK6ELikbLu','klFvXZFh8u','2024-06-29 21:15:30','2024-06-29 21:15:30'),(208,NULL,'Dr. Stephanie de Freitas Carrara Neto','cristovao.benites@example.com',NULL,NULL,NULL,'2024-06-29 21:15:30','$2y$12$za1dLcxSKNbN5Xow6P17KusKNTnF3ZnvPrUrANDAI0RTK6ELikbLu','jj8YDDeKFf','2024-06-29 21:15:30','2024-06-29 21:15:30'),(209,NULL,'Emanuelly das Dores Santana','maraisa27@example.org',NULL,NULL,NULL,'2024-06-29 21:15:30','$2y$12$za1dLcxSKNbN5Xow6P17KusKNTnF3ZnvPrUrANDAI0RTK6ELikbLu','nfPtP4HyhF','2024-06-29 21:15:30','2024-06-29 21:15:30'),(210,NULL,'Dr. Kevin Filipe Caldeira Filho','sheila11@example.com',NULL,NULL,NULL,'2024-06-29 21:15:30','$2y$12$za1dLcxSKNbN5Xow6P17KusKNTnF3ZnvPrUrANDAI0RTK6ELikbLu','ntDjNV7zLZ','2024-06-29 21:15:30','2024-06-29 21:15:30'),(211,NULL,'Sra. Heloísa Padilha Deverso','rios.franco@example.com',NULL,NULL,NULL,'2024-06-29 21:15:30','$2y$12$za1dLcxSKNbN5Xow6P17KusKNTnF3ZnvPrUrANDAI0RTK6ELikbLu','MgEyWVwGlD','2024-06-29 21:15:30','2024-06-29 21:15:30'),(212,NULL,'Dr. Dante Camilo Santacruz','thalia84@example.com',NULL,NULL,NULL,'2024-06-29 21:15:30','$2y$12$za1dLcxSKNbN5Xow6P17KusKNTnF3ZnvPrUrANDAI0RTK6ELikbLu','AG3rUllFgI','2024-06-29 21:15:30','2024-06-29 21:15:30'),(213,NULL,'Giovanna Marés Medina Filho','iasmin.velasques@example.org',NULL,NULL,NULL,'2024-06-29 21:15:30','$2y$12$za1dLcxSKNbN5Xow6P17KusKNTnF3ZnvPrUrANDAI0RTK6ELikbLu','q1JzPuxMGs','2024-06-29 21:15:30','2024-06-29 21:15:30'),(214,NULL,'Sra. Melinda Sandoval Jr.','lovato.ricardo@example.org',NULL,NULL,NULL,'2024-06-29 21:15:30','$2y$12$za1dLcxSKNbN5Xow6P17KusKNTnF3ZnvPrUrANDAI0RTK6ELikbLu','Rr60j0WnK1','2024-06-29 21:15:30','2024-06-29 21:15:30'),(215,NULL,'Sr. Lucas Carvalho Neto','alcantara.emanuelly@example.com',NULL,NULL,NULL,'2024-06-29 21:18:04','$2y$12$Bp1N3ONJCd08vKQhGGcKIOuP1E5FcQ4IVUP9WHbXGOZYVVuNN0IbG','uGBAcF87S2','2024-06-29 21:18:04','2024-06-29 21:18:04'),(216,NULL,'Dr. Kamila Carrara','zamana.renan@example.net',NULL,NULL,NULL,'2024-06-29 21:18:04','$2y$12$Bp1N3ONJCd08vKQhGGcKIOuP1E5FcQ4IVUP9WHbXGOZYVVuNN0IbG','nt9xsYvEWt','2024-06-29 21:18:04','2024-06-29 21:18:04'),(217,NULL,'Adriele Josefina Pacheco','santacruz.cesar@example.com',NULL,NULL,NULL,'2024-06-29 21:18:04','$2y$12$Bp1N3ONJCd08vKQhGGcKIOuP1E5FcQ4IVUP9WHbXGOZYVVuNN0IbG','GAhz4JVeIC','2024-06-29 21:18:04','2024-06-29 21:18:04'),(218,NULL,'Dr. Christian Salgado','pedro73@example.org',NULL,NULL,NULL,'2024-06-29 21:18:04','$2y$12$Bp1N3ONJCd08vKQhGGcKIOuP1E5FcQ4IVUP9WHbXGOZYVVuNN0IbG','ixUngLVl7j','2024-06-29 21:18:04','2024-06-29 21:18:04'),(219,NULL,'Sr. Erik Ferreira Filho','lara.fonseca@example.org',NULL,NULL,NULL,'2024-06-29 21:18:04','$2y$12$Bp1N3ONJCd08vKQhGGcKIOuP1E5FcQ4IVUP9WHbXGOZYVVuNN0IbG','DOgN9nYrOH','2024-06-29 21:18:04','2024-06-29 21:18:04'),(220,NULL,'Dr. Lorena Diana Vega Jr.','bittencourt.regiane@example.com',NULL,NULL,NULL,'2024-06-29 21:18:04','$2y$12$Bp1N3ONJCd08vKQhGGcKIOuP1E5FcQ4IVUP9WHbXGOZYVVuNN0IbG','IGfucZPHaT','2024-06-29 21:18:04','2024-06-29 21:18:04'),(221,NULL,'Moisés Carrara Alves Jr.','elias.pedrosa@example.net',NULL,NULL,NULL,'2024-06-29 21:18:04','$2y$12$Bp1N3ONJCd08vKQhGGcKIOuP1E5FcQ4IVUP9WHbXGOZYVVuNN0IbG','5i8QO6ur5s','2024-06-29 21:18:04','2024-06-29 21:18:04'),(222,NULL,'Sr. Reinaldo Júlio Leal','hbeltrao@example.org',NULL,NULL,NULL,'2024-06-29 21:18:04','$2y$12$Bp1N3ONJCd08vKQhGGcKIOuP1E5FcQ4IVUP9WHbXGOZYVVuNN0IbG','YF3644Dxgn','2024-06-29 21:18:04','2024-06-29 21:18:04'),(223,NULL,'Malena Flores Neto','sabrina.ortiz@example.net',NULL,NULL,NULL,'2024-06-29 21:18:04','$2y$12$Bp1N3ONJCd08vKQhGGcKIOuP1E5FcQ4IVUP9WHbXGOZYVVuNN0IbG','fEdDdSBiGR','2024-06-29 21:18:04','2024-06-29 21:18:04'),(224,NULL,'Guilherme Zaragoça Alves Filho','bittencourt.samuel@example.com',NULL,NULL,NULL,'2024-06-29 21:18:04','$2y$12$Bp1N3ONJCd08vKQhGGcKIOuP1E5FcQ4IVUP9WHbXGOZYVVuNN0IbG','DtRRBtnA8i','2024-06-29 21:18:04','2024-06-29 21:18:04'),(225,NULL,'Dr. Mário Saito','scarmona@example.com',NULL,NULL,NULL,'2024-06-29 21:18:10','$2y$12$8jFVplNt/zGFJs0M80pNzOq1.nLeEljI22xTS4CqrXeSKpwfJQ0Ey','BM7e7ixUsG','2024-06-29 21:18:10','2024-06-29 21:18:10'),(226,NULL,'Thales Andres Deverso','camilo.zamana@example.com',NULL,NULL,NULL,'2024-06-29 21:18:10','$2y$12$8jFVplNt/zGFJs0M80pNzOq1.nLeEljI22xTS4CqrXeSKpwfJQ0Ey','8iV2K6JlJx','2024-06-29 21:18:10','2024-06-29 21:18:10'),(227,NULL,'Dr. Eduarda Prado Serra','saraiva.luzia@example.org',NULL,NULL,NULL,'2024-06-29 21:18:10','$2y$12$8jFVplNt/zGFJs0M80pNzOq1.nLeEljI22xTS4CqrXeSKpwfJQ0Ey','mZpIOHaBcm','2024-06-29 21:18:10','2024-06-29 21:18:10'),(228,NULL,'Tábata Vanessa Santos Jr.','deaguiar.natan@example.org',NULL,NULL,NULL,'2024-06-29 21:18:10','$2y$12$8jFVplNt/zGFJs0M80pNzOq1.nLeEljI22xTS4CqrXeSKpwfJQ0Ey','V55uRRXGoD','2024-06-29 21:18:10','2024-06-29 21:18:10'),(229,NULL,'Dr. Giovana Quintana Verdara Filho','davi.darosa@example.com',NULL,NULL,NULL,'2024-06-29 21:18:10','$2y$12$8jFVplNt/zGFJs0M80pNzOq1.nLeEljI22xTS4CqrXeSKpwfJQ0Ey','SJuqMiJtfu','2024-06-29 21:18:10','2024-06-29 21:18:10'),(230,NULL,'Srta. Lavínia Santos Queirós Sobrinho','noemi63@example.com',NULL,NULL,NULL,'2024-06-29 21:18:10','$2y$12$8jFVplNt/zGFJs0M80pNzOq1.nLeEljI22xTS4CqrXeSKpwfJQ0Ey','XnfjayB2Xo','2024-06-29 21:18:10','2024-06-29 21:18:10'),(231,NULL,'Sr. Vinícius Bezerra Sobrinho','queiros.bia@example.net',NULL,NULL,NULL,'2024-06-29 21:18:10','$2y$12$8jFVplNt/zGFJs0M80pNzOq1.nLeEljI22xTS4CqrXeSKpwfJQ0Ey','PNTJr3Vfei','2024-06-29 21:18:10','2024-06-29 21:18:10'),(232,NULL,'Dr. Ricardo Pablo Vale Jr.','wilson.salas@example.net',NULL,NULL,NULL,'2024-06-29 21:18:10','$2y$12$8jFVplNt/zGFJs0M80pNzOq1.nLeEljI22xTS4CqrXeSKpwfJQ0Ey','FP7YTG1Xoo','2024-06-29 21:18:10','2024-06-29 21:18:10'),(233,NULL,'Sra. Thalissa Padrão Sobrinho','xdefreitas@example.net',NULL,NULL,NULL,'2024-06-29 21:18:10','$2y$12$8jFVplNt/zGFJs0M80pNzOq1.nLeEljI22xTS4CqrXeSKpwfJQ0Ey','GyYnmmfZFo','2024-06-29 21:18:10','2024-06-29 21:18:10'),(234,NULL,'Sra. Ayla Soares Sobrinho','dvalente@example.com',NULL,NULL,NULL,'2024-06-29 21:18:10','$2y$12$8jFVplNt/zGFJs0M80pNzOq1.nLeEljI22xTS4CqrXeSKpwfJQ0Ey','HCS7Xq2L0d','2024-06-29 21:18:10','2024-06-29 21:18:10'),(235,NULL,'Verônica Lara Valência Filho','fabricio85@example.com',NULL,NULL,NULL,'2024-06-29 21:19:29','$2y$12$oMb5JHBlmBwTfjW8a3AWNu7tEbA1MxubE/I2dAdmx2f9WGEDkVhYK','eju9Hz1Fpl','2024-06-29 21:19:29','2024-06-29 21:19:29'),(236,NULL,'Luísa Maya Queirós Sobrinho','wilson.assuncao@example.org',NULL,NULL,NULL,'2024-06-29 21:19:29','$2y$12$oMb5JHBlmBwTfjW8a3AWNu7tEbA1MxubE/I2dAdmx2f9WGEDkVhYK','UpCOL5o2sx','2024-06-29 21:19:29','2024-06-29 21:19:29'),(237,NULL,'Dr. Emílio Jerônimo Gomes','danielle.alcantara@example.com',NULL,NULL,NULL,'2024-06-29 21:19:29','$2y$12$oMb5JHBlmBwTfjW8a3AWNu7tEbA1MxubE/I2dAdmx2f9WGEDkVhYK','QGkVG9QoOW','2024-06-29 21:19:29','2024-06-29 21:19:29'),(238,NULL,'Srta. Micaela Yohanna Gomes Jr.','adriano90@example.net',NULL,NULL,NULL,'2024-06-29 21:19:29','$2y$12$oMb5JHBlmBwTfjW8a3AWNu7tEbA1MxubE/I2dAdmx2f9WGEDkVhYK','Za978EKTFC','2024-06-29 21:19:29','2024-06-29 21:19:29'),(239,NULL,'Kelly Barros Jr.','wellington.beltrao@example.net',NULL,NULL,NULL,'2024-06-29 21:19:29','$2y$12$oMb5JHBlmBwTfjW8a3AWNu7tEbA1MxubE/I2dAdmx2f9WGEDkVhYK','SiVfUEKmGf','2024-06-29 21:19:29','2024-06-29 21:19:29'),(240,NULL,'Norma Marinho Jr.','antonio.duarte@example.com',NULL,NULL,NULL,'2024-06-29 21:19:29','$2y$12$oMb5JHBlmBwTfjW8a3AWNu7tEbA1MxubE/I2dAdmx2f9WGEDkVhYK','klc7rWGvrI','2024-06-29 21:19:29','2024-06-29 21:19:29'),(241,NULL,'Ana Olga Fonseca','krivera@example.org',NULL,NULL,NULL,'2024-06-29 21:19:29','$2y$12$oMb5JHBlmBwTfjW8a3AWNu7tEbA1MxubE/I2dAdmx2f9WGEDkVhYK','Ngocj8keEc','2024-06-29 21:19:29','2024-06-29 21:19:29'),(242,NULL,'Sabrina Rico Faria','mia.duarte@example.net',NULL,NULL,NULL,'2024-06-29 21:19:29','$2y$12$oMb5JHBlmBwTfjW8a3AWNu7tEbA1MxubE/I2dAdmx2f9WGEDkVhYK','RhZDSDeM4H','2024-06-29 21:19:30','2024-06-29 21:19:30'),(243,NULL,'Santiago Teles Barreto','ferreira.enzo@example.com',NULL,NULL,NULL,'2024-06-29 21:19:29','$2y$12$oMb5JHBlmBwTfjW8a3AWNu7tEbA1MxubE/I2dAdmx2f9WGEDkVhYK','dlqmxkwrJq','2024-06-29 21:19:30','2024-06-29 21:19:30'),(244,NULL,'Emerson Ortega','maia.ziraldo@example.net',NULL,NULL,NULL,'2024-06-29 21:19:29','$2y$12$oMb5JHBlmBwTfjW8a3AWNu7tEbA1MxubE/I2dAdmx2f9WGEDkVhYK','ZFthCIEOze','2024-06-29 21:19:30','2024-06-29 21:19:30'),(245,NULL,'Irene Escobar de Oliveira Filho','abreu.tamara@example.org',NULL,NULL,NULL,'2024-06-29 21:19:34','$2y$12$TkIdcpksQrDnM1CCx/wSI.Tk2e1ndfUKTdedP4M8AVqgVouj8N0bO','DxwXbBjOFs','2024-06-29 21:19:34','2024-06-29 21:19:34'),(246,NULL,'Sr. Cauan Espinoza Paz','gean.rodrigues@example.org',NULL,NULL,NULL,'2024-06-29 21:19:34','$2y$12$TkIdcpksQrDnM1CCx/wSI.Tk2e1ndfUKTdedP4M8AVqgVouj8N0bO','M6K70lOIZr','2024-06-29 21:19:34','2024-06-29 21:19:34'),(247,NULL,'Flávio Emerson Fontes Filho','adriele62@example.net',NULL,NULL,NULL,'2024-06-29 21:19:34','$2y$12$TkIdcpksQrDnM1CCx/wSI.Tk2e1ndfUKTdedP4M8AVqgVouj8N0bO','vLqfaSChn5','2024-06-29 21:19:34','2024-06-29 21:19:34'),(248,NULL,'Jonas Galhardo Neto','userra@example.org',NULL,NULL,NULL,'2024-06-29 21:19:34','$2y$12$TkIdcpksQrDnM1CCx/wSI.Tk2e1ndfUKTdedP4M8AVqgVouj8N0bO','N2HilwC7bL','2024-06-29 21:19:34','2024-06-29 21:19:34'),(249,NULL,'Sr. Edson das Dores Jr.','lucia38@example.com',NULL,NULL,NULL,'2024-06-29 21:19:34','$2y$12$TkIdcpksQrDnM1CCx/wSI.Tk2e1ndfUKTdedP4M8AVqgVouj8N0bO','Xn6zWJ2GCe','2024-06-29 21:19:34','2024-06-29 21:19:34'),(250,NULL,'Dr. Daiane Maia Sobrinho','cecilia.lira@example.com',NULL,NULL,NULL,'2024-06-29 21:19:34','$2y$12$TkIdcpksQrDnM1CCx/wSI.Tk2e1ndfUKTdedP4M8AVqgVouj8N0bO','MAa8OIVmzq','2024-06-29 21:19:34','2024-06-29 21:19:34'),(251,NULL,'Srta. Maiara Casanova Godói','mendes.thomas@example.org',NULL,NULL,NULL,'2024-06-29 21:19:34','$2y$12$TkIdcpksQrDnM1CCx/wSI.Tk2e1ndfUKTdedP4M8AVqgVouj8N0bO','C46q1lfM38','2024-06-29 21:19:34','2024-06-29 21:19:34'),(252,NULL,'Teobaldo Fabiano Deverso Neto','dominato.antonio@example.com',NULL,NULL,NULL,'2024-06-29 21:19:34','$2y$12$TkIdcpksQrDnM1CCx/wSI.Tk2e1ndfUKTdedP4M8AVqgVouj8N0bO','Cp3UoxKrQ8','2024-06-29 21:19:34','2024-06-29 21:19:34'),(253,NULL,'Srta. Cristiana Roberta Pedrosa','salgado.robson@example.org',NULL,NULL,NULL,'2024-06-29 21:19:34','$2y$12$TkIdcpksQrDnM1CCx/wSI.Tk2e1ndfUKTdedP4M8AVqgVouj8N0bO','3xWARNSoLV','2024-06-29 21:19:34','2024-06-29 21:19:34'),(254,NULL,'Dr. Sérgio Gilberto Balestero Filho','leal.isaac@example.com',NULL,NULL,NULL,'2024-06-29 21:19:34','$2y$12$TkIdcpksQrDnM1CCx/wSI.Tk2e1ndfUKTdedP4M8AVqgVouj8N0bO','HHL1UKaFqG','2024-06-29 21:19:34','2024-06-29 21:19:34'),(255,NULL,'Benício Santiago Lutero','serna.melina@example.com',NULL,NULL,NULL,'2024-06-29 21:20:16','$2y$12$DpnV07z29Dier/Q7JHRFVegdbaM/qcUweVaY7oYoTkf8mXkjiHI22','ZSiJX0Td5O','2024-06-29 21:20:16','2024-06-29 21:20:16'),(256,NULL,'Dr. Suelen Zambrano Vega Neto','stephanie.quintana@example.org',NULL,NULL,NULL,'2024-06-29 21:20:16','$2y$12$DpnV07z29Dier/Q7JHRFVegdbaM/qcUweVaY7oYoTkf8mXkjiHI22','yauYHASJiz','2024-06-29 21:20:16','2024-06-29 21:20:16'),(257,NULL,'Sra. Emily Valdez','renan.feliciano@example.com',NULL,NULL,NULL,'2024-06-29 21:20:16','$2y$12$DpnV07z29Dier/Q7JHRFVegdbaM/qcUweVaY7oYoTkf8mXkjiHI22','YSexqZYASe','2024-06-29 21:20:16','2024-06-29 21:20:16'),(258,NULL,'Stephany Fidalgo','sandoval.kleber@example.net',NULL,NULL,NULL,'2024-06-29 21:20:16','$2y$12$DpnV07z29Dier/Q7JHRFVegdbaM/qcUweVaY7oYoTkf8mXkjiHI22','3Lddt8JFFg','2024-06-29 21:20:16','2024-06-29 21:20:16'),(259,NULL,'Sr. Everton Colaço Sobrinho','nicolas.gomes@example.com',NULL,NULL,NULL,'2024-06-29 21:20:16','$2y$12$DpnV07z29Dier/Q7JHRFVegdbaM/qcUweVaY7oYoTkf8mXkjiHI22','7Euut077nA','2024-06-29 21:20:16','2024-06-29 21:20:16'),(260,NULL,'Joana Vale Burgos Neto','tiago.correia@example.net',NULL,NULL,NULL,'2024-06-29 21:20:16','$2y$12$DpnV07z29Dier/Q7JHRFVegdbaM/qcUweVaY7oYoTkf8mXkjiHI22','BthctFEjMI','2024-06-29 21:20:16','2024-06-29 21:20:16'),(261,NULL,'Júlia Verdara Mendes','manoela.marin@example.org',NULL,NULL,NULL,'2024-06-29 21:20:16','$2y$12$DpnV07z29Dier/Q7JHRFVegdbaM/qcUweVaY7oYoTkf8mXkjiHI22','KMtXhtMWTu','2024-06-29 21:20:16','2024-06-29 21:20:16'),(262,NULL,'Emílio Vasques Jr.','udasilva@example.com',NULL,NULL,NULL,'2024-06-29 21:20:16','$2y$12$DpnV07z29Dier/Q7JHRFVegdbaM/qcUweVaY7oYoTkf8mXkjiHI22','twi56SKExr','2024-06-29 21:20:16','2024-06-29 21:20:16'),(263,NULL,'Srta. Mary Lia Galindo','emanuelly.salgado@example.org',NULL,NULL,NULL,'2024-06-29 21:20:16','$2y$12$DpnV07z29Dier/Q7JHRFVegdbaM/qcUweVaY7oYoTkf8mXkjiHI22','GFMbst8GmF','2024-06-29 21:20:16','2024-06-29 21:20:16'),(264,NULL,'Sra. Ketlin Adriele Feliciano','wqueiros@example.com',NULL,NULL,NULL,'2024-06-29 21:20:16','$2y$12$DpnV07z29Dier/Q7JHRFVegdbaM/qcUweVaY7oYoTkf8mXkjiHI22','zLnJGdR9Vt','2024-06-29 21:20:16','2024-06-29 21:20:16'),(265,NULL,'Cauan Ícaro Deverso','rabreu@example.net',NULL,NULL,NULL,'2024-06-29 21:21:23','$2y$12$fSn9B1n0rq5QQm/Tqp1mN.Fx6dVCQ8NO0h09i54w6B0rk0b6i6DDm','D6nmZkeYsT','2024-06-29 21:21:23','2024-06-29 21:21:23'),(266,NULL,'Deivid Maldonado Sobrinho','gisela70@example.com',NULL,NULL,NULL,'2024-06-29 21:21:23','$2y$12$fSn9B1n0rq5QQm/Tqp1mN.Fx6dVCQ8NO0h09i54w6B0rk0b6i6DDm','ox6ePyr5h0','2024-06-29 21:21:23','2024-06-29 21:21:23'),(267,NULL,'Sr. Nelson Alcantara Filho','clara14@example.com',NULL,NULL,NULL,'2024-06-29 21:21:23','$2y$12$fSn9B1n0rq5QQm/Tqp1mN.Fx6dVCQ8NO0h09i54w6B0rk0b6i6DDm','LaMMp18yIR','2024-06-29 21:21:23','2024-06-29 21:21:23'),(268,NULL,'Dr. Jácomo Adriano Cordeiro','mserra@example.net',NULL,NULL,NULL,'2024-06-29 21:21:23','$2y$12$fSn9B1n0rq5QQm/Tqp1mN.Fx6dVCQ8NO0h09i54w6B0rk0b6i6DDm','rtjBntEHh0','2024-06-29 21:21:23','2024-06-29 21:21:23'),(269,NULL,'Heitor Branco Neto','brito.richard@example.net',NULL,NULL,NULL,'2024-06-29 21:21:23','$2y$12$fSn9B1n0rq5QQm/Tqp1mN.Fx6dVCQ8NO0h09i54w6B0rk0b6i6DDm','MshFQtsbvo','2024-06-29 21:21:23','2024-06-29 21:21:23'),(270,NULL,'Sra. Daiane Silvana Bonilha Jr.','hugo.rezende@example.com',NULL,NULL,NULL,'2024-06-29 21:21:23','$2y$12$fSn9B1n0rq5QQm/Tqp1mN.Fx6dVCQ8NO0h09i54w6B0rk0b6i6DDm','Nc5om84ZsV','2024-06-29 21:21:23','2024-06-29 21:21:23'),(271,NULL,'Angélica Mendes Sanches Sobrinho','reis.lucas@example.org',NULL,NULL,NULL,'2024-06-29 21:21:23','$2y$12$fSn9B1n0rq5QQm/Tqp1mN.Fx6dVCQ8NO0h09i54w6B0rk0b6i6DDm','rVF3SftT3C','2024-06-29 21:21:23','2024-06-29 21:21:23'),(272,NULL,'Sra. Giovanna Quintana Ferminiano Jr.','cristiana.serna@example.net',NULL,NULL,NULL,'2024-06-29 21:21:23','$2y$12$fSn9B1n0rq5QQm/Tqp1mN.Fx6dVCQ8NO0h09i54w6B0rk0b6i6DDm','1vx3bS0VQM','2024-06-29 21:21:23','2024-06-29 21:21:23'),(273,NULL,'Leandro Furtado Sobrinho','rafaela31@example.org',NULL,NULL,NULL,'2024-06-29 21:21:23','$2y$12$fSn9B1n0rq5QQm/Tqp1mN.Fx6dVCQ8NO0h09i54w6B0rk0b6i6DDm','1JmJvLs0bq','2024-06-29 21:21:23','2024-06-29 21:21:23'),(274,NULL,'Srta. Janaina Manoela Zaragoça Filho','neves.antonieta@example.net',NULL,NULL,NULL,'2024-06-29 21:21:23','$2y$12$fSn9B1n0rq5QQm/Tqp1mN.Fx6dVCQ8NO0h09i54w6B0rk0b6i6DDm','4Cj8rgCbeW','2024-06-29 21:21:23','2024-06-29 21:21:23'),(275,NULL,'Dr. Cláudio Rodrigues','bsalas@example.org',NULL,NULL,NULL,'2024-06-29 21:21:43','$2y$12$U5DzTKZ7zxRqyVpPGdxihuAD0HAKm7MvCR8J28PHdFVHIQO1zRyxO','DxRczFa5rr','2024-06-29 21:21:43','2024-06-29 21:21:43'),(276,NULL,'Sr. Alessandro Ferraz Filho','qferreira@example.net',NULL,NULL,NULL,'2024-06-29 21:21:43','$2y$12$U5DzTKZ7zxRqyVpPGdxihuAD0HAKm7MvCR8J28PHdFVHIQO1zRyxO','eFipzvI3BR','2024-06-29 21:21:43','2024-06-29 21:21:43'),(277,NULL,'Regina Mary Grego Jr.','dayana.dasneves@example.com',NULL,NULL,NULL,'2024-06-29 21:21:43','$2y$12$U5DzTKZ7zxRqyVpPGdxihuAD0HAKm7MvCR8J28PHdFVHIQO1zRyxO','HJsz39OdAQ','2024-06-29 21:21:43','2024-06-29 21:21:43'),(278,NULL,'Sr. Ivan Rocha Paes Neto','sguerra@example.com',NULL,NULL,NULL,'2024-06-29 21:21:43','$2y$12$U5DzTKZ7zxRqyVpPGdxihuAD0HAKm7MvCR8J28PHdFVHIQO1zRyxO','InlNZm9gmm','2024-06-29 21:21:43','2024-06-29 21:21:43'),(279,NULL,'Sra. Andréa Serrano Esteves Filho','romero.matheus@example.org',NULL,NULL,NULL,'2024-06-29 21:21:43','$2y$12$U5DzTKZ7zxRqyVpPGdxihuAD0HAKm7MvCR8J28PHdFVHIQO1zRyxO','nMOIXXrzyE','2024-06-29 21:21:43','2024-06-29 21:21:43'),(280,NULL,'Francisco Santos Batista','vicente.ferraz@example.org',NULL,NULL,NULL,'2024-06-29 21:21:43','$2y$12$U5DzTKZ7zxRqyVpPGdxihuAD0HAKm7MvCR8J28PHdFVHIQO1zRyxO','yVsnzulCIG','2024-06-29 21:21:43','2024-06-29 21:21:43'),(281,NULL,'Alexandre Sandoval Serna','hdias@example.com',NULL,NULL,NULL,'2024-06-29 21:21:43','$2y$12$U5DzTKZ7zxRqyVpPGdxihuAD0HAKm7MvCR8J28PHdFVHIQO1zRyxO','6Uf9f9XuIE','2024-06-29 21:21:43','2024-06-29 21:21:43'),(282,NULL,'Sra. Antonella Faro Filho','esteves.melissa@example.net',NULL,NULL,NULL,'2024-06-29 21:21:43','$2y$12$U5DzTKZ7zxRqyVpPGdxihuAD0HAKm7MvCR8J28PHdFVHIQO1zRyxO','hxEqMN5Q8z','2024-06-29 21:21:43','2024-06-29 21:21:43'),(283,NULL,'João Serrano','erik.gil@example.com',NULL,NULL,NULL,'2024-06-29 21:21:43','$2y$12$U5DzTKZ7zxRqyVpPGdxihuAD0HAKm7MvCR8J28PHdFVHIQO1zRyxO','jHyqXud8lu','2024-06-29 21:21:43','2024-06-29 21:21:43'),(284,NULL,'Srta. Alana Janaina Valentin Sobrinho','fabiano.assuncao@example.net',NULL,NULL,NULL,'2024-06-29 21:21:43','$2y$12$U5DzTKZ7zxRqyVpPGdxihuAD0HAKm7MvCR8J28PHdFVHIQO1zRyxO','Kte4wCAzcI','2024-06-29 21:21:43','2024-06-29 21:21:43'),(285,NULL,'Srta. Ariana Alma Delvalle','ronaldo.prado@example.net',NULL,NULL,NULL,'2024-06-29 21:22:29','$2y$12$ggFIl8hsoaA7wjT6mmyqF.2FUM7vSzLpgSL9ehoZ1/O1fkFylrhpm','0ypcuTLQNA','2024-06-29 21:22:29','2024-06-29 21:22:29'),(286,NULL,'Srta. Maitê Madeira Zambrano Neto','dener.barreto@example.net',NULL,NULL,NULL,'2024-06-29 21:22:29','$2y$12$ggFIl8hsoaA7wjT6mmyqF.2FUM7vSzLpgSL9ehoZ1/O1fkFylrhpm','OWva8fMkcz','2024-06-29 21:22:29','2024-06-29 21:22:29'),(287,NULL,'Dr. Ícaro Sales Jr.','cristiano96@example.org',NULL,NULL,NULL,'2024-06-29 21:22:29','$2y$12$ggFIl8hsoaA7wjT6mmyqF.2FUM7vSzLpgSL9ehoZ1/O1fkFylrhpm','4a4jn3wWJh','2024-06-29 21:22:29','2024-06-29 21:22:29'),(288,NULL,'Alícia Casanova Mendonça Neto','duarte.gustavo@example.org',NULL,NULL,NULL,'2024-06-29 21:22:29','$2y$12$ggFIl8hsoaA7wjT6mmyqF.2FUM7vSzLpgSL9ehoZ1/O1fkFylrhpm','6JBE2dE0xx','2024-06-29 21:22:29','2024-06-29 21:22:29'),(289,NULL,'Dr. Hugo Daniel Rosa','heloise.rezende@example.com',NULL,NULL,NULL,'2024-06-29 21:22:29','$2y$12$ggFIl8hsoaA7wjT6mmyqF.2FUM7vSzLpgSL9ehoZ1/O1fkFylrhpm','FhB7QpHJ65','2024-06-29 21:22:30','2024-06-29 21:22:30'),(290,NULL,'Joaquim Cruz','gcruz@example.net',NULL,NULL,NULL,'2024-06-29 21:22:29','$2y$12$ggFIl8hsoaA7wjT6mmyqF.2FUM7vSzLpgSL9ehoZ1/O1fkFylrhpm','B9HAQ1O8uX','2024-06-29 21:22:30','2024-06-29 21:22:30'),(291,NULL,'Enzo Correia','cortes.jaqueline@example.org',NULL,NULL,NULL,'2024-06-29 21:22:29','$2y$12$ggFIl8hsoaA7wjT6mmyqF.2FUM7vSzLpgSL9ehoZ1/O1fkFylrhpm','2gTjF1vuWi','2024-06-29 21:22:30','2024-06-29 21:22:30'),(292,NULL,'Dr. Melina Cervantes Azevedo Jr.','uchoa.simon@example.org',NULL,NULL,NULL,'2024-06-29 21:22:29','$2y$12$ggFIl8hsoaA7wjT6mmyqF.2FUM7vSzLpgSL9ehoZ1/O1fkFylrhpm','gq7kULicMO','2024-06-29 21:22:30','2024-06-29 21:22:30'),(293,NULL,'Dr. Gabrielly da Rosa Zambrano','lilian.valente@example.com',NULL,NULL,NULL,'2024-06-29 21:22:29','$2y$12$ggFIl8hsoaA7wjT6mmyqF.2FUM7vSzLpgSL9ehoZ1/O1fkFylrhpm','Trsbv54xcf','2024-06-29 21:22:30','2024-06-29 21:22:30'),(294,NULL,'Dr. Cristiano Serna','lucio77@example.org',NULL,NULL,NULL,'2024-06-29 21:22:29','$2y$12$ggFIl8hsoaA7wjT6mmyqF.2FUM7vSzLpgSL9ehoZ1/O1fkFylrhpm','l9VZRRaczQ','2024-06-29 21:22:30','2024-06-29 21:22:30'),(295,NULL,'Juliano Davi Cruz','mauro.queiros@example.org',NULL,NULL,NULL,'2024-06-29 21:22:47','$2y$12$/1aBr6SPtrc3.RtCkB1vEO7WKTPUL545FD3EG1ie4C6Wdaaz4oprO','XdF7pXb0id','2024-06-29 21:22:47','2024-06-29 21:22:47'),(296,NULL,'Srta. Paola Patrícia Madeira','delatorre.cristian@example.net',NULL,NULL,NULL,'2024-06-29 21:22:47','$2y$12$/1aBr6SPtrc3.RtCkB1vEO7WKTPUL545FD3EG1ie4C6Wdaaz4oprO','UC35HC9wbt','2024-06-29 21:22:47','2024-06-29 21:22:47'),(297,NULL,'Isaac Ítalo Espinoza','tdias@example.com',NULL,NULL,NULL,'2024-06-29 21:22:47','$2y$12$/1aBr6SPtrc3.RtCkB1vEO7WKTPUL545FD3EG1ie4C6Wdaaz4oprO','pGqV55Jflm','2024-06-29 21:22:47','2024-06-29 21:22:47'),(298,NULL,'Alexandre Rangel Flores Jr.','artur.ferreira@example.net',NULL,NULL,NULL,'2024-06-29 21:22:47','$2y$12$/1aBr6SPtrc3.RtCkB1vEO7WKTPUL545FD3EG1ie4C6Wdaaz4oprO','VCtbiz8Obl','2024-06-29 21:22:47','2024-06-29 21:22:47'),(299,NULL,'Gabriela Marin','raquel.dominato@example.net',NULL,NULL,NULL,'2024-06-29 21:22:47','$2y$12$/1aBr6SPtrc3.RtCkB1vEO7WKTPUL545FD3EG1ie4C6Wdaaz4oprO','tvNAr5ETGU','2024-06-29 21:22:47','2024-06-29 21:22:47'),(300,NULL,'Samanta Micaela Queirós Filho','deivid.chaves@example.net',NULL,NULL,NULL,'2024-06-29 21:22:47','$2y$12$/1aBr6SPtrc3.RtCkB1vEO7WKTPUL545FD3EG1ie4C6Wdaaz4oprO','lGFI6gRgHv','2024-06-29 21:22:47','2024-06-29 21:22:47'),(301,NULL,'Dr. Franco Vasques','isis.ferraz@example.com',NULL,NULL,NULL,'2024-06-29 21:22:47','$2y$12$/1aBr6SPtrc3.RtCkB1vEO7WKTPUL545FD3EG1ie4C6Wdaaz4oprO','H2BGWKValx','2024-06-29 21:22:47','2024-06-29 21:22:47'),(302,NULL,'Noel Henrique Velasques','dsoto@example.net',NULL,NULL,NULL,'2024-06-29 21:22:47','$2y$12$/1aBr6SPtrc3.RtCkB1vEO7WKTPUL545FD3EG1ie4C6Wdaaz4oprO','oYn9lVlG0i','2024-06-29 21:22:47','2024-06-29 21:22:47'),(303,NULL,'Pietra Kelly Faria Sobrinho','tpacheco@example.org',NULL,NULL,NULL,'2024-06-29 21:22:47','$2y$12$/1aBr6SPtrc3.RtCkB1vEO7WKTPUL545FD3EG1ie4C6Wdaaz4oprO','kC7ENkmn0O','2024-06-29 21:22:47','2024-06-29 21:22:47'),(304,NULL,'Srta. Gabrielly Lilian Galvão','queiros.andres@example.org',NULL,NULL,NULL,'2024-06-29 21:22:47','$2y$12$/1aBr6SPtrc3.RtCkB1vEO7WKTPUL545FD3EG1ie4C6Wdaaz4oprO','TZhBNEoRZs','2024-06-29 21:22:47','2024-06-29 21:22:47'),(305,NULL,'Dr. Dayana Padrão Neto','ian.salgado@example.org',NULL,NULL,NULL,'2024-06-29 21:23:09','$2y$12$CzEeXBn0evrz55DS9GGu7.tbFM9GIgp/dcK5DBg.gcsor73mcd0IW','F2lavdn4Md','2024-06-29 21:23:09','2024-06-29 21:23:09'),(306,NULL,'Srta. Betina Domingues Aguiar Filho','everton.amaral@example.com',NULL,NULL,NULL,'2024-06-29 21:23:09','$2y$12$CzEeXBn0evrz55DS9GGu7.tbFM9GIgp/dcK5DBg.gcsor73mcd0IW','ulW1Z9bkiH','2024-06-29 21:23:09','2024-06-29 21:23:09'),(307,NULL,'Aurora Alcantara Neto','soares.allison@example.com',NULL,NULL,NULL,'2024-06-29 21:23:09','$2y$12$CzEeXBn0evrz55DS9GGu7.tbFM9GIgp/dcK5DBg.gcsor73mcd0IW','HZa2WnnNuR','2024-06-29 21:23:09','2024-06-29 21:23:09'),(308,NULL,'Srta. Cristiana Soares','adriana.caldeira@example.org',NULL,NULL,NULL,'2024-06-29 21:23:09','$2y$12$CzEeXBn0evrz55DS9GGu7.tbFM9GIgp/dcK5DBg.gcsor73mcd0IW','Z02OV1rI92','2024-06-29 21:23:09','2024-06-29 21:23:09'),(309,NULL,'Sra. Sandra Pena Jr.','gdelvalle@example.org',NULL,NULL,NULL,'2024-06-29 21:23:09','$2y$12$CzEeXBn0evrz55DS9GGu7.tbFM9GIgp/dcK5DBg.gcsor73mcd0IW','jvSEPnAJTs','2024-06-29 21:23:09','2024-06-29 21:23:09'),(310,NULL,'Sra. Bruna Deverso Filho','drangel@example.net',NULL,NULL,NULL,'2024-06-29 21:23:09','$2y$12$CzEeXBn0evrz55DS9GGu7.tbFM9GIgp/dcK5DBg.gcsor73mcd0IW','I1gBSPk1wV','2024-06-29 21:23:09','2024-06-29 21:23:09'),(311,NULL,'Sra. Milene Soares Neto','padrao.irene@example.com',NULL,NULL,NULL,'2024-06-29 21:23:09','$2y$12$CzEeXBn0evrz55DS9GGu7.tbFM9GIgp/dcK5DBg.gcsor73mcd0IW','xvoBoTA3mN','2024-06-29 21:23:09','2024-06-29 21:23:09'),(312,NULL,'Sr. Jean Pereira Chaves','rezende.carla@example.org',NULL,NULL,NULL,'2024-06-29 21:23:09','$2y$12$CzEeXBn0evrz55DS9GGu7.tbFM9GIgp/dcK5DBg.gcsor73mcd0IW','BFaweedKrq','2024-06-29 21:23:09','2024-06-29 21:23:09'),(313,NULL,'Tatiane Burgos Faro Jr.','santos.lorena@example.com',NULL,NULL,NULL,'2024-06-29 21:23:09','$2y$12$CzEeXBn0evrz55DS9GGu7.tbFM9GIgp/dcK5DBg.gcsor73mcd0IW','hkplgpVwFA','2024-06-29 21:23:09','2024-06-29 21:23:09'),(314,NULL,'Aline Sandoval Serrano','santacruz.daiane@example.com',NULL,NULL,NULL,'2024-06-29 21:23:09','$2y$12$CzEeXBn0evrz55DS9GGu7.tbFM9GIgp/dcK5DBg.gcsor73mcd0IW','jvRuOGGZ0U','2024-06-29 21:23:09','2024-06-29 21:23:09'),(315,NULL,'Srta. Paulina Mariana Brito','cortes.agustina@example.com',NULL,NULL,NULL,'2024-06-29 21:23:27','$2y$12$YXrXOap0wBE3Ri5aoSI1c.X6cdQ4adde.oO1ehN11HE2ivIIHFP1q','D2BrJukQtM','2024-06-29 21:23:27','2024-06-29 21:23:27'),(316,NULL,'Srta. Regiane Sanches Vila','emily.amaral@example.com',NULL,NULL,NULL,'2024-06-29 21:23:27','$2y$12$YXrXOap0wBE3Ri5aoSI1c.X6cdQ4adde.oO1ehN11HE2ivIIHFP1q','fFQvwmkfzP','2024-06-29 21:23:27','2024-06-29 21:23:27'),(317,NULL,'Cezar de Oliveira Campos Filho','ccarmona@example.net',NULL,NULL,NULL,'2024-06-29 21:23:27','$2y$12$YXrXOap0wBE3Ri5aoSI1c.X6cdQ4adde.oO1ehN11HE2ivIIHFP1q','BgRuhPi5yu','2024-06-29 21:23:27','2024-06-29 21:23:27'),(318,NULL,'Dr. Isabelly Sanches Sobrinho','goncalves.ayla@example.net',NULL,NULL,NULL,'2024-06-29 21:23:27','$2y$12$YXrXOap0wBE3Ri5aoSI1c.X6cdQ4adde.oO1ehN11HE2ivIIHFP1q','LVUHrpSEt7','2024-06-29 21:23:27','2024-06-29 21:23:27'),(319,NULL,'Srta. Regiane Solano','joana.aranda@example.com',NULL,NULL,NULL,'2024-06-29 21:23:27','$2y$12$YXrXOap0wBE3Ri5aoSI1c.X6cdQ4adde.oO1ehN11HE2ivIIHFP1q','p3biUz8Myl','2024-06-29 21:23:27','2024-06-29 21:23:27'),(320,NULL,'Maximiano Rodrigues Aranda','franco96@example.net',NULL,NULL,NULL,'2024-06-29 21:23:27','$2y$12$YXrXOap0wBE3Ri5aoSI1c.X6cdQ4adde.oO1ehN11HE2ivIIHFP1q','gLrIgFaB6O','2024-06-29 21:23:27','2024-06-29 21:23:27'),(321,NULL,'Caio Carrara Barros','saraiva.barbara@example.com',NULL,NULL,NULL,'2024-06-29 21:23:27','$2y$12$YXrXOap0wBE3Ri5aoSI1c.X6cdQ4adde.oO1ehN11HE2ivIIHFP1q','ZBNz7jXiuH','2024-06-29 21:23:27','2024-06-29 21:23:27'),(322,NULL,'Dr. Wilson Jefferson Ávila Filho','mauro86@example.org',NULL,NULL,NULL,'2024-06-29 21:23:27','$2y$12$YXrXOap0wBE3Ri5aoSI1c.X6cdQ4adde.oO1ehN11HE2ivIIHFP1q','QddhcZRB60','2024-06-29 21:23:27','2024-06-29 21:23:27'),(323,NULL,'Elizabeth Milene Pedrosa Sobrinho','santiago.regina@example.org',NULL,NULL,NULL,'2024-06-29 21:23:27','$2y$12$YXrXOap0wBE3Ri5aoSI1c.X6cdQ4adde.oO1ehN11HE2ivIIHFP1q','nj5HpMJR0O','2024-06-29 21:23:27','2024-06-29 21:23:27'),(324,NULL,'Sr. Filipe Galindo Gusmão','jessica03@example.com',NULL,NULL,NULL,'2024-06-29 21:23:27','$2y$12$YXrXOap0wBE3Ri5aoSI1c.X6cdQ4adde.oO1ehN11HE2ivIIHFP1q','e4pphhdoTb','2024-06-29 21:23:27','2024-06-29 21:23:27'),(325,NULL,'Ariana Sandoval Assunção Filho','prado.sueli@example.org',NULL,NULL,NULL,'2024-06-29 21:23:42','$2y$12$EdJw.JbGnPQrcQOJbtOOHeCHwdwwwCEv/KB9R6OynWLVcRKKNwoXy','9wfKRECxao','2024-06-29 21:23:42','2024-06-29 21:23:42'),(326,NULL,'Wilson Queirós Caldeira Jr.','elis00@example.com',NULL,NULL,NULL,'2024-06-29 21:23:42','$2y$12$EdJw.JbGnPQrcQOJbtOOHeCHwdwwwCEv/KB9R6OynWLVcRKKNwoXy','M3CyWw8lDu','2024-06-29 21:23:42','2024-06-29 21:23:42'),(327,NULL,'Talita Sarah Beltrão Filho','perola.casanova@example.org',NULL,NULL,NULL,'2024-06-29 21:23:42','$2y$12$EdJw.JbGnPQrcQOJbtOOHeCHwdwwwCEv/KB9R6OynWLVcRKKNwoXy','oBf83CD3vM','2024-06-29 21:23:42','2024-06-29 21:23:42'),(328,NULL,'Srta. Mia Corona Vila Neto','valdez.cleber@example.com',NULL,NULL,NULL,'2024-06-29 21:23:42','$2y$12$EdJw.JbGnPQrcQOJbtOOHeCHwdwwwCEv/KB9R6OynWLVcRKKNwoXy','jSW0Wn86Dr','2024-06-29 21:23:42','2024-06-29 21:23:42'),(329,NULL,'Márcio Quintana D\'ávila Sobrinho','igor58@example.org',NULL,NULL,NULL,'2024-06-29 21:23:42','$2y$12$EdJw.JbGnPQrcQOJbtOOHeCHwdwwwCEv/KB9R6OynWLVcRKKNwoXy','dXy4HHX9mr','2024-06-29 21:23:42','2024-06-29 21:23:42'),(330,NULL,'Denis Serra Fonseca Neto','melinda73@example.net',NULL,NULL,NULL,'2024-06-29 21:23:42','$2y$12$EdJw.JbGnPQrcQOJbtOOHeCHwdwwwCEv/KB9R6OynWLVcRKKNwoXy','CNf6W2zcLN','2024-06-29 21:23:42','2024-06-29 21:23:42'),(331,NULL,'Dr. Manuel Noel Bittencourt','uchoa.suelen@example.org',NULL,NULL,NULL,'2024-06-29 21:23:42','$2y$12$EdJw.JbGnPQrcQOJbtOOHeCHwdwwwCEv/KB9R6OynWLVcRKKNwoXy','3rX2bkMDcP','2024-06-29 21:23:42','2024-06-29 21:23:42'),(332,NULL,'Hugo Salas','azevedo.larissa@example.com',NULL,NULL,NULL,'2024-06-29 21:23:42','$2y$12$EdJw.JbGnPQrcQOJbtOOHeCHwdwwwCEv/KB9R6OynWLVcRKKNwoXy','PHpYNY8mw9','2024-06-29 21:23:42','2024-06-29 21:23:42'),(333,NULL,'Sr. Demian Rivera Verdara','kmaia@example.org',NULL,NULL,NULL,'2024-06-29 21:23:42','$2y$12$EdJw.JbGnPQrcQOJbtOOHeCHwdwwwCEv/KB9R6OynWLVcRKKNwoXy','i9LYxoGg9X','2024-06-29 21:23:42','2024-06-29 21:23:42'),(334,NULL,'Matias D\'ávila Gil Neto','miguel49@example.com',NULL,NULL,NULL,'2024-06-29 21:23:42','$2y$12$EdJw.JbGnPQrcQOJbtOOHeCHwdwwwCEv/KB9R6OynWLVcRKKNwoXy','asq0ZYV7Ng','2024-06-29 21:23:42','2024-06-29 21:23:42'),(335,NULL,'Walter Sergio Rodrigues Sobrinho','ssoares@example.org',NULL,NULL,NULL,'2024-06-29 21:24:04','$2y$12$Y3kMkJuPSx7TKHx.0VbLj.8plHEo/cexaBW1kF3NxdYdz.eSkiYBS','IPVr6EPNpP','2024-06-29 21:24:04','2024-06-29 21:24:04'),(336,NULL,'Dr. Rafael Rivera Fernandes Neto','pcarvalho@example.com',NULL,NULL,NULL,'2024-06-29 21:24:04','$2y$12$Y3kMkJuPSx7TKHx.0VbLj.8plHEo/cexaBW1kF3NxdYdz.eSkiYBS','PtOuFDTtCW','2024-06-29 21:24:04','2024-06-29 21:24:04'),(337,NULL,'Sra. Suellen Serrano Filho','jefferson.serra@example.com',NULL,NULL,NULL,'2024-06-29 21:24:04','$2y$12$Y3kMkJuPSx7TKHx.0VbLj.8plHEo/cexaBW1kF3NxdYdz.eSkiYBS','J1atNob6T8','2024-06-29 21:24:04','2024-06-29 21:24:04'),(338,NULL,'Samara Pâmela Ramos Filho','christopher.queiros@example.net',NULL,NULL,NULL,'2024-06-29 21:24:04','$2y$12$Y3kMkJuPSx7TKHx.0VbLj.8plHEo/cexaBW1kF3NxdYdz.eSkiYBS','VbcYDBcpKP','2024-06-29 21:24:04','2024-06-29 21:24:04'),(339,NULL,'Alice Noemi Quintana','neves.natal@example.net',NULL,NULL,NULL,'2024-06-29 21:24:04','$2y$12$Y3kMkJuPSx7TKHx.0VbLj.8plHEo/cexaBW1kF3NxdYdz.eSkiYBS','Y14rn5l49J','2024-06-29 21:24:04','2024-06-29 21:24:04'),(340,NULL,'Sandra Sônia Matos Filho','louise75@example.net',NULL,NULL,NULL,'2024-06-29 21:24:04','$2y$12$Y3kMkJuPSx7TKHx.0VbLj.8plHEo/cexaBW1kF3NxdYdz.eSkiYBS','A47S5OFM2B','2024-06-29 21:24:04','2024-06-29 21:24:04'),(341,NULL,'Alice Valentina Bittencourt Jr.','raquel76@example.org',NULL,NULL,NULL,'2024-06-29 21:24:04','$2y$12$Y3kMkJuPSx7TKHx.0VbLj.8plHEo/cexaBW1kF3NxdYdz.eSkiYBS','T1EfkFIkh6','2024-06-29 21:24:04','2024-06-29 21:24:04'),(342,NULL,'Flor Sales Neto','gael02@example.org',NULL,NULL,NULL,'2024-06-29 21:24:04','$2y$12$Y3kMkJuPSx7TKHx.0VbLj.8plHEo/cexaBW1kF3NxdYdz.eSkiYBS','XJMaxY0lkn','2024-06-29 21:24:04','2024-06-29 21:24:04'),(343,NULL,'Irene Maísa Lozano Jr.','halcantara@example.com',NULL,NULL,NULL,'2024-06-29 21:24:04','$2y$12$Y3kMkJuPSx7TKHx.0VbLj.8plHEo/cexaBW1kF3NxdYdz.eSkiYBS','3kGVCDPWEq','2024-06-29 21:24:04','2024-06-29 21:24:04'),(344,NULL,'Srta. Rebeca Uchoa Burgos Filho','milena.sepulveda@example.com',NULL,NULL,NULL,'2024-06-29 21:24:04','$2y$12$Y3kMkJuPSx7TKHx.0VbLj.8plHEo/cexaBW1kF3NxdYdz.eSkiYBS','ggRvTcecvJ','2024-06-29 21:24:04','2024-06-29 21:24:04'),(345,NULL,'Srta. Letícia Alana da Cruz','galvao.priscila@example.org',NULL,NULL,NULL,'2024-06-29 21:24:19','$2y$12$.ucYLjSd4ZsXF1KeYaN.o.tgsZ8eaE/1U/p2buQ8Av2dRi06wHDUW','Jl6mwBhEaw','2024-06-29 21:24:19','2024-06-29 21:24:19'),(346,NULL,'Gael Montenegro Ferraz','ohana17@example.com',NULL,NULL,NULL,'2024-06-29 21:24:19','$2y$12$.ucYLjSd4ZsXF1KeYaN.o.tgsZ8eaE/1U/p2buQ8Av2dRi06wHDUW','NeKnRosQ3Q','2024-06-29 21:24:19','2024-06-29 21:24:19'),(347,NULL,'Dr. Afonso Sebastião Brito Sobrinho','flavio.batista@example.org',NULL,NULL,NULL,'2024-06-29 21:24:19','$2y$12$.ucYLjSd4ZsXF1KeYaN.o.tgsZ8eaE/1U/p2buQ8Av2dRi06wHDUW','X9O4ZM7l9T','2024-06-29 21:24:19','2024-06-29 21:24:19'),(348,NULL,'Dr. Letícia Marina Casanova Jr.','obranco@example.net',NULL,NULL,NULL,'2024-06-29 21:24:19','$2y$12$.ucYLjSd4ZsXF1KeYaN.o.tgsZ8eaE/1U/p2buQ8Av2dRi06wHDUW','6nEAYxcQz5','2024-06-29 21:24:19','2024-06-29 21:24:19'),(349,NULL,'Sr. Gael Delgado Filho','salas.noa@example.net',NULL,NULL,NULL,'2024-06-29 21:24:19','$2y$12$.ucYLjSd4ZsXF1KeYaN.o.tgsZ8eaE/1U/p2buQ8Av2dRi06wHDUW','fZrcRCwigj','2024-06-29 21:24:19','2024-06-29 21:24:19'),(350,NULL,'Thomas Téo Escobar Filho','mascarenhas.benjamin@example.com',NULL,NULL,NULL,'2024-06-29 21:24:19','$2y$12$.ucYLjSd4ZsXF1KeYaN.o.tgsZ8eaE/1U/p2buQ8Av2dRi06wHDUW','DA2QBDBmFR','2024-06-29 21:24:19','2024-06-29 21:24:19'),(351,NULL,'Sra. Aurora Rivera','sgarcia@example.net',NULL,NULL,NULL,'2024-06-29 21:24:19','$2y$12$.ucYLjSd4ZsXF1KeYaN.o.tgsZ8eaE/1U/p2buQ8Av2dRi06wHDUW','0DIpLAZTQc','2024-06-29 21:24:19','2024-06-29 21:24:19'),(352,NULL,'Amanda Feliciano','rosana.valdez@example.net',NULL,NULL,NULL,'2024-06-29 21:24:19','$2y$12$.ucYLjSd4ZsXF1KeYaN.o.tgsZ8eaE/1U/p2buQ8Av2dRi06wHDUW','firLapn79d','2024-06-29 21:24:19','2024-06-29 21:24:19'),(353,NULL,'Lavínia Dirce Toledo Sobrinho','santana.luiz@example.net',NULL,NULL,NULL,'2024-06-29 21:24:19','$2y$12$.ucYLjSd4ZsXF1KeYaN.o.tgsZ8eaE/1U/p2buQ8Av2dRi06wHDUW','9XfaIlQamT','2024-06-29 21:24:19','2024-06-29 21:24:19'),(354,NULL,'Dr. Giovanna Samanta Rocha Sobrinho','tamoio.wellington@example.com',NULL,NULL,NULL,'2024-06-29 21:24:19','$2y$12$.ucYLjSd4ZsXF1KeYaN.o.tgsZ8eaE/1U/p2buQ8Av2dRi06wHDUW','7jHpneIfgb','2024-06-29 21:24:19','2024-06-29 21:24:19'),(355,NULL,'Srta. Noa Soares Carrara','martines.eloah@example.net',NULL,NULL,NULL,'2024-06-29 21:26:11','$2y$12$KXJWNxf1nyx4gLV4pJuNoOpOZVEor.0FfIrOXfShvV9FJQ/Ysz3wC','pRlJowlwwu','2024-06-29 21:26:12','2024-06-29 21:26:12'),(356,NULL,'Franciele Lúcia Caldeira Jr.','deverso.stephany@example.org',NULL,NULL,NULL,'2024-06-29 21:26:12','$2y$12$KXJWNxf1nyx4gLV4pJuNoOpOZVEor.0FfIrOXfShvV9FJQ/Ysz3wC','iJQCMQO0HB','2024-06-29 21:26:12','2024-06-29 21:26:12'),(357,NULL,'Sr. Ícaro Gonçalves Aguiar Neto','queiros.roberta@example.com',NULL,NULL,NULL,'2024-06-29 21:26:12','$2y$12$KXJWNxf1nyx4gLV4pJuNoOpOZVEor.0FfIrOXfShvV9FJQ/Ysz3wC','MSrLRpcV81','2024-06-29 21:26:12','2024-06-29 21:26:12'),(358,NULL,'Sr. Sandro Solano Salgado Filho','mprado@example.net',NULL,NULL,NULL,'2024-06-29 21:26:12','$2y$12$KXJWNxf1nyx4gLV4pJuNoOpOZVEor.0FfIrOXfShvV9FJQ/Ysz3wC','Bv3TJnY0ae','2024-06-29 21:26:12','2024-06-29 21:26:12'),(359,NULL,'Srta. Karen Rosana Mascarenhas','rgalvao@example.org',NULL,NULL,NULL,'2024-06-29 21:26:12','$2y$12$KXJWNxf1nyx4gLV4pJuNoOpOZVEor.0FfIrOXfShvV9FJQ/Ysz3wC','e4bYDySK2b','2024-06-29 21:26:12','2024-06-29 21:26:12'),(360,NULL,'Dr. Noemi Arruda Neto','william85@example.com',NULL,NULL,NULL,'2024-06-29 21:26:12','$2y$12$KXJWNxf1nyx4gLV4pJuNoOpOZVEor.0FfIrOXfShvV9FJQ/Ysz3wC','M2T7M1zfXS','2024-06-29 21:26:12','2024-06-29 21:26:12'),(361,NULL,'Dr. Maximiano Cervantes Verdugo Neto','regiane38@example.net',NULL,NULL,NULL,'2024-06-29 21:26:12','$2y$12$KXJWNxf1nyx4gLV4pJuNoOpOZVEor.0FfIrOXfShvV9FJQ/Ysz3wC','tEisgdN5WI','2024-06-29 21:26:12','2024-06-29 21:26:12'),(362,NULL,'Vitor Pereira Cruz','sandro82@example.net',NULL,NULL,NULL,'2024-06-29 21:26:12','$2y$12$KXJWNxf1nyx4gLV4pJuNoOpOZVEor.0FfIrOXfShvV9FJQ/Ysz3wC','QhFyh0cmys','2024-06-29 21:26:12','2024-06-29 21:26:12'),(363,NULL,'Dr. Tomás Teles Meireles Sobrinho','reinaldo.delgado@example.net',NULL,NULL,NULL,'2024-06-29 21:26:12','$2y$12$KXJWNxf1nyx4gLV4pJuNoOpOZVEor.0FfIrOXfShvV9FJQ/Ysz3wC','7DVOdSzK8V','2024-06-29 21:26:12','2024-06-29 21:26:12'),(364,NULL,'Dr. Paulo Vasques Carmona','demian45@example.org',NULL,NULL,NULL,'2024-06-29 21:26:12','$2y$12$KXJWNxf1nyx4gLV4pJuNoOpOZVEor.0FfIrOXfShvV9FJQ/Ysz3wC','btnCqNgSI3','2024-06-29 21:26:12','2024-06-29 21:26:12'),(365,NULL,'Mariah Gil Delatorre Neto','gjimenes@example.com',NULL,NULL,NULL,'2024-06-29 21:26:22','$2y$12$yuNWtV8hlo0LPcK5XpeoZu7DJOvtY.KosnR3z7p/LBJNXpC085q9a','Pxbmw3ed7t','2024-06-29 21:26:22','2024-06-29 21:26:22'),(366,NULL,'Srta. Betina Silvana Rocha','ortiz.yuri@example.net',NULL,NULL,NULL,'2024-06-29 21:26:22','$2y$12$yuNWtV8hlo0LPcK5XpeoZu7DJOvtY.KosnR3z7p/LBJNXpC085q9a','0pgIyT75Fj','2024-06-29 21:26:22','2024-06-29 21:26:22'),(367,NULL,'Deivid Wesley D\'ávila Jr.','vila.luciana@example.org',NULL,NULL,NULL,'2024-06-29 21:26:22','$2y$12$yuNWtV8hlo0LPcK5XpeoZu7DJOvtY.KosnR3z7p/LBJNXpC085q9a','iHVya7c09f','2024-06-29 21:26:22','2024-06-29 21:26:22'),(368,NULL,'Sra. Miranda Mariana Santos','jennifer01@example.net',NULL,NULL,NULL,'2024-06-29 21:26:22','$2y$12$yuNWtV8hlo0LPcK5XpeoZu7DJOvtY.KosnR3z7p/LBJNXpC085q9a','rEvxP28gx9','2024-06-29 21:26:22','2024-06-29 21:26:22'),(369,NULL,'Alana Duarte','thais16@example.org',NULL,NULL,NULL,'2024-06-29 21:26:22','$2y$12$yuNWtV8hlo0LPcK5XpeoZu7DJOvtY.KosnR3z7p/LBJNXpC085q9a','Fw03QiZpxJ','2024-06-29 21:26:22','2024-06-29 21:26:22'),(370,NULL,'Cynthia Medina Jr.','queiros.stephany@example.org',NULL,NULL,NULL,'2024-06-29 21:26:22','$2y$12$yuNWtV8hlo0LPcK5XpeoZu7DJOvtY.KosnR3z7p/LBJNXpC085q9a','290dRPZgD7','2024-06-29 21:26:22','2024-06-29 21:26:22'),(371,NULL,'Sra. Jaqueline Matos','bruna71@example.net',NULL,NULL,NULL,'2024-06-29 21:26:22','$2y$12$yuNWtV8hlo0LPcK5XpeoZu7DJOvtY.KosnR3z7p/LBJNXpC085q9a','GQooOd5adW','2024-06-29 21:26:22','2024-06-29 21:26:22'),(372,NULL,'Srta. Maria Faro Queirós','lsaraiva@example.org',NULL,NULL,NULL,'2024-06-29 21:26:22','$2y$12$yuNWtV8hlo0LPcK5XpeoZu7DJOvtY.KosnR3z7p/LBJNXpC085q9a','H1JqkKGs59','2024-06-29 21:26:22','2024-06-29 21:26:22'),(373,NULL,'Sr. Nero Burgos','wurias@example.net',NULL,NULL,NULL,'2024-06-29 21:26:22','$2y$12$yuNWtV8hlo0LPcK5XpeoZu7DJOvtY.KosnR3z7p/LBJNXpC085q9a','sz0jr7WQt9','2024-06-29 21:26:22','2024-06-29 21:26:22'),(374,NULL,'Dr. Teobaldo Jefferson Santiago Jr.','wflores@example.org',NULL,NULL,NULL,'2024-06-29 21:26:22','$2y$12$yuNWtV8hlo0LPcK5XpeoZu7DJOvtY.KosnR3z7p/LBJNXpC085q9a','CALbWJ9d3v','2024-06-29 21:26:22','2024-06-29 21:26:22'),(375,NULL,'Dr. Inácio Santos Espinoza','christopher42@example.net',NULL,NULL,NULL,'2024-06-29 21:26:23','$2y$12$0xxMpVl7Qg4na3pntFvogus4fd6QTYDigES/2KaExv.7YOUDzTp2W','tm39wNIuHb','2024-06-29 21:26:23','2024-06-29 21:26:23'),(376,NULL,'Dr. Ian Aranda Brito','yazevedo@example.org',NULL,NULL,NULL,'2024-06-29 21:26:23','$2y$12$0xxMpVl7Qg4na3pntFvogus4fd6QTYDigES/2KaExv.7YOUDzTp2W','aefRpsu05P','2024-06-29 21:26:23','2024-06-29 21:26:23'),(377,NULL,'Stella Rico Jr.','alves.gisela@example.org',NULL,NULL,NULL,'2024-06-29 21:26:23','$2y$12$0xxMpVl7Qg4na3pntFvogus4fd6QTYDigES/2KaExv.7YOUDzTp2W','B2bZSlguJS','2024-06-29 21:26:23','2024-06-29 21:26:23'),(378,NULL,'Maísa Martines Rangel','joaquin02@example.org',NULL,NULL,NULL,'2024-06-29 21:26:23','$2y$12$0xxMpVl7Qg4na3pntFvogus4fd6QTYDigES/2KaExv.7YOUDzTp2W','YSvRAsRpsb','2024-06-29 21:26:23','2024-06-29 21:26:23'),(379,NULL,'Sr. Andres Marinho Delgado','maiara63@example.net',NULL,NULL,NULL,'2024-06-29 21:26:23','$2y$12$0xxMpVl7Qg4na3pntFvogus4fd6QTYDigES/2KaExv.7YOUDzTp2W','VCwkJxV0yD','2024-06-29 21:26:23','2024-06-29 21:26:23'),(380,NULL,'Srta. Julieta Amaral','gil.sergio@example.org',NULL,NULL,NULL,'2024-06-29 21:26:23','$2y$12$0xxMpVl7Qg4na3pntFvogus4fd6QTYDigES/2KaExv.7YOUDzTp2W','x3Ki6WuRE8','2024-06-29 21:26:23','2024-06-29 21:26:23'),(381,NULL,'Sra. Aline Sara Leal Sobrinho','bescobar@example.com',NULL,NULL,NULL,'2024-06-29 21:26:23','$2y$12$0xxMpVl7Qg4na3pntFvogus4fd6QTYDigES/2KaExv.7YOUDzTp2W','5GXm3HhpqI','2024-06-29 21:26:23','2024-06-29 21:26:23'),(382,NULL,'Ian Arruda Sobrinho','ncarvalho@example.net',NULL,NULL,NULL,'2024-06-29 21:26:23','$2y$12$0xxMpVl7Qg4na3pntFvogus4fd6QTYDigES/2KaExv.7YOUDzTp2W','7tkQ5WlChf','2024-06-29 21:26:23','2024-06-29 21:26:23'),(383,NULL,'Nicolas Vieira Verdugo Jr.','wagner58@example.org',NULL,NULL,NULL,'2024-06-29 21:26:23','$2y$12$0xxMpVl7Qg4na3pntFvogus4fd6QTYDigES/2KaExv.7YOUDzTp2W','lwmfRQTBRF','2024-06-29 21:26:23','2024-06-29 21:26:23'),(384,NULL,'Srta. Madalena Santos','kleber01@example.org',NULL,NULL,NULL,'2024-06-29 21:26:23','$2y$12$0xxMpVl7Qg4na3pntFvogus4fd6QTYDigES/2KaExv.7YOUDzTp2W','0xrjN3ALmu','2024-06-29 21:26:23','2024-06-29 21:26:23'),(385,NULL,'Michael Espinoza','jorge.mares@example.net',NULL,NULL,NULL,'2024-06-29 21:26:24','$2y$12$VJ8OHsnVq.gnAQYr1A4dUegkY03kY2S3RMtK7hF4phWw9wu/3Hyy6','UujRSeNcjx','2024-06-29 21:26:24','2024-06-29 21:26:24'),(386,NULL,'Fabrício Augusto Guerra','agustina47@example.org',NULL,NULL,NULL,'2024-06-29 21:26:24','$2y$12$VJ8OHsnVq.gnAQYr1A4dUegkY03kY2S3RMtK7hF4phWw9wu/3Hyy6','na6qbGJcej','2024-06-29 21:26:24','2024-06-29 21:26:24'),(387,NULL,'Sra. Malena Bezerra Jr.','zgomes@example.org',NULL,NULL,NULL,'2024-06-29 21:26:24','$2y$12$VJ8OHsnVq.gnAQYr1A4dUegkY03kY2S3RMtK7hF4phWw9wu/3Hyy6','fUDjgdYTLb','2024-06-29 21:26:24','2024-06-29 21:26:24'),(388,NULL,'Sr. Nero Rivera Ferminiano','galindo.mel@example.com',NULL,NULL,NULL,'2024-06-29 21:26:24','$2y$12$VJ8OHsnVq.gnAQYr1A4dUegkY03kY2S3RMtK7hF4phWw9wu/3Hyy6','TCbM9rH3rA','2024-06-29 21:26:24','2024-06-29 21:26:24'),(389,NULL,'Maraisa Fabiana da Cruz Neto','emily89@example.org',NULL,NULL,NULL,'2024-06-29 21:26:24','$2y$12$VJ8OHsnVq.gnAQYr1A4dUegkY03kY2S3RMtK7hF4phWw9wu/3Hyy6','UEfERjWpFx','2024-06-29 21:26:24','2024-06-29 21:26:24'),(390,NULL,'Victor Domingues Sobrinho','sueli.velasques@example.org',NULL,NULL,NULL,'2024-06-29 21:26:24','$2y$12$VJ8OHsnVq.gnAQYr1A4dUegkY03kY2S3RMtK7hF4phWw9wu/3Hyy6','jytXuAQB8F','2024-06-29 21:26:24','2024-06-29 21:26:24'),(391,NULL,'Sra. Bárbara Rios','willian.bezerra@example.com',NULL,NULL,NULL,'2024-06-29 21:26:24','$2y$12$VJ8OHsnVq.gnAQYr1A4dUegkY03kY2S3RMtK7hF4phWw9wu/3Hyy6','b3C4P0OBmD','2024-06-29 21:26:24','2024-06-29 21:26:24'),(392,NULL,'Sr. Gustavo Renan Cortês','ketlin52@example.net',NULL,NULL,NULL,'2024-06-29 21:26:24','$2y$12$VJ8OHsnVq.gnAQYr1A4dUegkY03kY2S3RMtK7hF4phWw9wu/3Hyy6','CLY4HLuX0s','2024-06-29 21:26:24','2024-06-29 21:26:24'),(393,NULL,'Vicente Prado Alcantara','betina56@example.net',NULL,NULL,NULL,'2024-06-29 21:26:24','$2y$12$VJ8OHsnVq.gnAQYr1A4dUegkY03kY2S3RMtK7hF4phWw9wu/3Hyy6','Mh8Ychfp3q','2024-06-29 21:26:24','2024-06-29 21:26:24'),(394,NULL,'Tatiane Santana Sobrinho','gcarvalho@example.com',NULL,NULL,NULL,'2024-06-29 21:26:24','$2y$12$VJ8OHsnVq.gnAQYr1A4dUegkY03kY2S3RMtK7hF4phWw9wu/3Hyy6','3CAB6HvLem','2024-06-29 21:26:24','2024-06-29 21:26:24'),(395,NULL,'Rayane Marília Matos','tiago17@example.com',NULL,NULL,NULL,'2024-06-29 21:26:25','$2y$12$SeLuZ39NEmc.6JZ.M1aXN.JsD1Aq45ig8HxZArpMVjdcxWTGNbdl2','KMRs6934OE','2024-06-29 21:26:25','2024-06-29 21:26:25'),(396,NULL,'Emília Serna','micaela86@example.org',NULL,NULL,NULL,'2024-06-29 21:26:25','$2y$12$SeLuZ39NEmc.6JZ.M1aXN.JsD1Aq45ig8HxZArpMVjdcxWTGNbdl2','XwSVt5Y9ne','2024-06-29 21:26:25','2024-06-29 21:26:25'),(397,NULL,'Dr. Carlos Balestero Vasques','xsantana@example.org',NULL,NULL,NULL,'2024-06-29 21:26:25','$2y$12$SeLuZ39NEmc.6JZ.M1aXN.JsD1Aq45ig8HxZArpMVjdcxWTGNbdl2','gHRhZxvC8E','2024-06-29 21:26:25','2024-06-29 21:26:25'),(398,NULL,'Vinícius Renan Esteves Jr.','horacio.cruz@example.net',NULL,NULL,NULL,'2024-06-29 21:26:25','$2y$12$SeLuZ39NEmc.6JZ.M1aXN.JsD1Aq45ig8HxZArpMVjdcxWTGNbdl2','AZwWB6JtCW','2024-06-29 21:26:25','2024-06-29 21:26:25'),(399,NULL,'Alma Cruz Jr.','hcortes@example.net',NULL,NULL,NULL,'2024-06-29 21:26:25','$2y$12$SeLuZ39NEmc.6JZ.M1aXN.JsD1Aq45ig8HxZArpMVjdcxWTGNbdl2','Y8U8qeUe4c','2024-06-29 21:26:25','2024-06-29 21:26:25'),(400,NULL,'Eduardo Christopher Pena','matheus75@example.net',NULL,NULL,NULL,'2024-06-29 21:26:25','$2y$12$SeLuZ39NEmc.6JZ.M1aXN.JsD1Aq45ig8HxZArpMVjdcxWTGNbdl2','mkMwE34hsv','2024-06-29 21:26:25','2024-06-29 21:26:25'),(401,NULL,'Daiana Ramires Leon','lidiane97@example.org',NULL,NULL,NULL,'2024-06-29 21:26:25','$2y$12$SeLuZ39NEmc.6JZ.M1aXN.JsD1Aq45ig8HxZArpMVjdcxWTGNbdl2','mz1V5w7tve','2024-06-29 21:26:25','2024-06-29 21:26:25'),(402,NULL,'Karine Queirós Mascarenhas Jr.','ramaral@example.net',NULL,NULL,NULL,'2024-06-29 21:26:25','$2y$12$SeLuZ39NEmc.6JZ.M1aXN.JsD1Aq45ig8HxZArpMVjdcxWTGNbdl2','X5PLqMBXOz','2024-06-29 21:26:25','2024-06-29 21:26:25'),(403,NULL,'Sabrina Cortês Faria Neto','inacio.jimenes@example.com',NULL,NULL,NULL,'2024-06-29 21:26:25','$2y$12$SeLuZ39NEmc.6JZ.M1aXN.JsD1Aq45ig8HxZArpMVjdcxWTGNbdl2','1qRNiDsJz5','2024-06-29 21:26:25','2024-06-29 21:26:25'),(404,NULL,'Fabrício Barreto Neves Sobrinho','emiliano13@example.org',NULL,NULL,NULL,'2024-06-29 21:26:25','$2y$12$SeLuZ39NEmc.6JZ.M1aXN.JsD1Aq45ig8HxZArpMVjdcxWTGNbdl2','UyatPEfexm','2024-06-29 21:26:25','2024-06-29 21:26:25'),(405,NULL,'Sr. Ricardo Duarte Neto','idefreitas@example.org',NULL,NULL,NULL,'2024-06-29 21:26:26','$2y$12$jifwNGMfvnhkb5bw5Y2I/.8F3wryg6HGxRR8rT4NNZviLOSCxDcxG','24z92Nl6nY','2024-06-29 21:26:26','2024-06-29 21:26:26'),(406,NULL,'Dr. Poliana Leal','miguel.gomes@example.net',NULL,NULL,NULL,'2024-06-29 21:26:26','$2y$12$jifwNGMfvnhkb5bw5Y2I/.8F3wryg6HGxRR8rT4NNZviLOSCxDcxG','m68jrwHlx0','2024-06-29 21:26:26','2024-06-29 21:26:26'),(407,NULL,'Dr. Samara da Silva Vila Filho','theo.reis@example.com',NULL,NULL,NULL,'2024-06-29 21:26:26','$2y$12$jifwNGMfvnhkb5bw5Y2I/.8F3wryg6HGxRR8rT4NNZviLOSCxDcxG','fPx7EV5LS7','2024-06-29 21:26:26','2024-06-29 21:26:26'),(408,NULL,'Sra. Stephanie Gisele Lovato','larissa50@example.org',NULL,NULL,NULL,'2024-06-29 21:26:26','$2y$12$jifwNGMfvnhkb5bw5Y2I/.8F3wryg6HGxRR8rT4NNZviLOSCxDcxG','FDfF4rUGed','2024-06-29 21:26:26','2024-06-29 21:26:26'),(409,NULL,'Srta. Agatha Gomes Neto','vmaldonado@example.org',NULL,NULL,NULL,'2024-06-29 21:26:26','$2y$12$jifwNGMfvnhkb5bw5Y2I/.8F3wryg6HGxRR8rT4NNZviLOSCxDcxG','0P5Ye3TawS','2024-06-29 21:26:26','2024-06-29 21:26:26'),(410,NULL,'Sr. Elias Medina Jr.','dcorreia@example.com',NULL,NULL,NULL,'2024-06-29 21:26:26','$2y$12$jifwNGMfvnhkb5bw5Y2I/.8F3wryg6HGxRR8rT4NNZviLOSCxDcxG','qmqrqohnl2','2024-06-29 21:26:26','2024-06-29 21:26:26'),(411,NULL,'Sarah Chaves Delgado','hmendes@example.com',NULL,NULL,NULL,'2024-06-29 21:26:26','$2y$12$jifwNGMfvnhkb5bw5Y2I/.8F3wryg6HGxRR8rT4NNZviLOSCxDcxG','aVEuEr9r74','2024-06-29 21:26:26','2024-06-29 21:26:26'),(412,NULL,'Karen Sofia Marin Sobrinho','luciana.ramires@example.net',NULL,NULL,NULL,'2024-06-29 21:26:26','$2y$12$jifwNGMfvnhkb5bw5Y2I/.8F3wryg6HGxRR8rT4NNZviLOSCxDcxG','kheHB3UGqm','2024-06-29 21:26:26','2024-06-29 21:26:26'),(413,NULL,'Dr. Henrique da Silva Fidalgo','franco.mirella@example.net',NULL,NULL,NULL,'2024-06-29 21:26:26','$2y$12$jifwNGMfvnhkb5bw5Y2I/.8F3wryg6HGxRR8rT4NNZviLOSCxDcxG','zRjLs4tyst','2024-06-29 21:26:26','2024-06-29 21:26:26'),(414,NULL,'Rafael Sandro Sepúlveda Neto','kauan96@example.org',NULL,NULL,NULL,'2024-06-29 21:26:26','$2y$12$jifwNGMfvnhkb5bw5Y2I/.8F3wryg6HGxRR8rT4NNZviLOSCxDcxG','g8GI5Fj0PN','2024-06-29 21:26:26','2024-06-29 21:26:26'),(415,NULL,'Vanessa Suzana Lozano','priscila.valencia@example.org',NULL,NULL,NULL,'2024-06-29 21:26:29','$2y$12$2dWMe7gct7zQT5QA1dYn7./iKXmirhxpuFPiwe2Fx3ObeUOsnCQAa','lAiaXOLFVw','2024-06-29 21:26:29','2024-06-29 21:26:29'),(416,NULL,'Sr. Cristiano Leonardo Marques','alan.ortiz@example.org',NULL,NULL,NULL,'2024-06-29 21:26:29','$2y$12$2dWMe7gct7zQT5QA1dYn7./iKXmirhxpuFPiwe2Fx3ObeUOsnCQAa','Vx37ExCk15','2024-06-29 21:26:29','2024-06-29 21:26:29'),(417,NULL,'Srta. Pérola Betina Galhardo Sobrinho','faria.luzia@example.net',NULL,NULL,NULL,'2024-06-29 21:26:29','$2y$12$2dWMe7gct7zQT5QA1dYn7./iKXmirhxpuFPiwe2Fx3ObeUOsnCQAa','ltB2svJBxZ','2024-06-29 21:26:29','2024-06-29 21:26:29'),(418,NULL,'Luiza Mariana Valência','maiara66@example.org',NULL,NULL,NULL,'2024-06-29 21:26:29','$2y$12$2dWMe7gct7zQT5QA1dYn7./iKXmirhxpuFPiwe2Fx3ObeUOsnCQAa','6qjdGKxgki','2024-06-29 21:26:29','2024-06-29 21:26:29'),(419,NULL,'Sr. Franco Richard Mendonça','estela.urias@example.com',NULL,NULL,NULL,'2024-06-29 21:26:29','$2y$12$2dWMe7gct7zQT5QA1dYn7./iKXmirhxpuFPiwe2Fx3ObeUOsnCQAa','UoicO1uwPm','2024-06-29 21:26:29','2024-06-29 21:26:29'),(420,NULL,'Sra. Isadora Yohanna Velasques','iasmin98@example.net',NULL,NULL,NULL,'2024-06-29 21:26:29','$2y$12$2dWMe7gct7zQT5QA1dYn7./iKXmirhxpuFPiwe2Fx3ObeUOsnCQAa','bQ5iItQczF','2024-06-29 21:26:29','2024-06-29 21:26:29'),(421,NULL,'Ziraldo Carvalho Cortês Neto','zdeverso@example.com',NULL,NULL,NULL,'2024-06-29 21:26:29','$2y$12$2dWMe7gct7zQT5QA1dYn7./iKXmirhxpuFPiwe2Fx3ObeUOsnCQAa','uX4qI2JZBP','2024-06-29 21:26:29','2024-06-29 21:26:29'),(422,NULL,'Everton Luciano Mendes','thomas.correia@example.net',NULL,NULL,NULL,'2024-06-29 21:26:29','$2y$12$2dWMe7gct7zQT5QA1dYn7./iKXmirhxpuFPiwe2Fx3ObeUOsnCQAa','I6V3hHnsoE','2024-06-29 21:26:29','2024-06-29 21:26:29'),(423,NULL,'Luísa Guerra Neto','hserra@example.com',NULL,NULL,NULL,'2024-06-29 21:26:29','$2y$12$2dWMe7gct7zQT5QA1dYn7./iKXmirhxpuFPiwe2Fx3ObeUOsnCQAa','4TtEoOMNmD','2024-06-29 21:26:29','2024-06-29 21:26:29'),(424,NULL,'Reinaldo Ortega Santacruz','aragao.walter@example.com',NULL,NULL,NULL,'2024-06-29 21:26:29','$2y$12$2dWMe7gct7zQT5QA1dYn7./iKXmirhxpuFPiwe2Fx3ObeUOsnCQAa','3bZieQLucf','2024-06-29 21:26:29','2024-06-29 21:26:29'),(425,NULL,'Igor Zambrano Filho','garcia.reinaldo@example.net',NULL,NULL,NULL,'2024-06-29 21:26:31','$2y$12$vJDerah8g6c/UAeZqpupTeHkKaGYv/Wvahrqr2dy4Fd2ciUWPidjO','HFiAr4eVgz','2024-06-29 21:26:31','2024-06-29 21:26:31'),(426,NULL,'Gian Felipe Fidalgo Neto','ccorreia@example.net',NULL,NULL,NULL,'2024-06-29 21:26:31','$2y$12$vJDerah8g6c/UAeZqpupTeHkKaGYv/Wvahrqr2dy4Fd2ciUWPidjO','GI66Ih6Oni','2024-06-29 21:26:31','2024-06-29 21:26:31'),(427,NULL,'Srta. Marina Lourenço Barreto Filho','santos.willian@example.com',NULL,NULL,NULL,'2024-06-29 21:26:31','$2y$12$vJDerah8g6c/UAeZqpupTeHkKaGYv/Wvahrqr2dy4Fd2ciUWPidjO','J5xEzAM03b','2024-06-29 21:26:31','2024-06-29 21:26:31'),(428,NULL,'Srta. Tainara Sandoval Neto','cristian72@example.org',NULL,NULL,NULL,'2024-06-29 21:26:31','$2y$12$vJDerah8g6c/UAeZqpupTeHkKaGYv/Wvahrqr2dy4Fd2ciUWPidjO','G6RQuki86N','2024-06-29 21:26:31','2024-06-29 21:26:31'),(429,NULL,'Dr. Jennifer Marques Dominato','urias.gilberto@example.com',NULL,NULL,NULL,'2024-06-29 21:26:31','$2y$12$vJDerah8g6c/UAeZqpupTeHkKaGYv/Wvahrqr2dy4Fd2ciUWPidjO','QlTHa2Hnq4','2024-06-29 21:26:31','2024-06-29 21:26:31'),(430,NULL,'Sra. Marta Burgos Barreto','angelica86@example.org',NULL,NULL,NULL,'2024-06-29 21:26:31','$2y$12$vJDerah8g6c/UAeZqpupTeHkKaGYv/Wvahrqr2dy4Fd2ciUWPidjO','4tqrwnNOVV','2024-06-29 21:26:31','2024-06-29 21:26:31'),(431,NULL,'Dr. Maya de Freitas','escobar.deivid@example.com',NULL,NULL,NULL,'2024-06-29 21:26:31','$2y$12$vJDerah8g6c/UAeZqpupTeHkKaGYv/Wvahrqr2dy4Fd2ciUWPidjO','zvLsVhx6MS','2024-06-29 21:26:31','2024-06-29 21:26:31'),(432,NULL,'Sra. Agatha Grego Ferminiano','quintana.suelen@example.com',NULL,NULL,NULL,'2024-06-29 21:26:31','$2y$12$vJDerah8g6c/UAeZqpupTeHkKaGYv/Wvahrqr2dy4Fd2ciUWPidjO','0vgucKhCOu','2024-06-29 21:26:31','2024-06-29 21:26:31'),(433,NULL,'Tâmara Rivera Rico Neto','priscila13@example.com',NULL,NULL,NULL,'2024-06-29 21:26:31','$2y$12$vJDerah8g6c/UAeZqpupTeHkKaGYv/Wvahrqr2dy4Fd2ciUWPidjO','mtQ5vaI3HQ','2024-06-29 21:26:31','2024-06-29 21:26:31'),(434,NULL,'Dr. Nelson Perez Teles','tainara81@example.com',NULL,NULL,NULL,'2024-06-29 21:26:31','$2y$12$vJDerah8g6c/UAeZqpupTeHkKaGYv/Wvahrqr2dy4Fd2ciUWPidjO','Hl5CuriX4X','2024-06-29 21:26:31','2024-06-29 21:26:31'),(435,NULL,'Srta. Norma Bittencourt Bezerra','flor.dearruda@example.net',NULL,NULL,NULL,'2024-06-29 21:26:32','$2y$12$V35.LJrhVkdadfcUn77tY.oqSsI3Wl7rxw1si0s39WfdoJI0ObP4e','pX0KzhzgDH','2024-06-29 21:26:32','2024-06-29 21:26:32'),(436,NULL,'Leandro Lira de Arruda Neto','smatos@example.org',NULL,NULL,NULL,'2024-06-29 21:26:32','$2y$12$V35.LJrhVkdadfcUn77tY.oqSsI3Wl7rxw1si0s39WfdoJI0ObP4e','UE2W3wvEk6','2024-06-29 21:26:32','2024-06-29 21:26:32'),(437,NULL,'Miguel Guerra Paz','dasdores.caroline@example.net',NULL,NULL,NULL,'2024-06-29 21:26:32','$2y$12$V35.LJrhVkdadfcUn77tY.oqSsI3Wl7rxw1si0s39WfdoJI0ObP4e','QbAQQvbioc','2024-06-29 21:26:32','2024-06-29 21:26:32'),(438,NULL,'Dr. Ian Saraiva das Neves','emerson.colaco@example.com',NULL,NULL,NULL,'2024-06-29 21:26:32','$2y$12$V35.LJrhVkdadfcUn77tY.oqSsI3Wl7rxw1si0s39WfdoJI0ObP4e','c7Wun2Nid1','2024-06-29 21:26:32','2024-06-29 21:26:32'),(439,NULL,'Ítalo Marco da Cruz','xvasques@example.com',NULL,NULL,NULL,'2024-06-29 21:26:32','$2y$12$V35.LJrhVkdadfcUn77tY.oqSsI3Wl7rxw1si0s39WfdoJI0ObP4e','Vr32MT0ZWb','2024-06-29 21:26:32','2024-06-29 21:26:32'),(440,NULL,'Srta. Vanessa Lutero da Rosa Jr.','fernando00@example.org',NULL,NULL,NULL,'2024-06-29 21:26:32','$2y$12$V35.LJrhVkdadfcUn77tY.oqSsI3Wl7rxw1si0s39WfdoJI0ObP4e','Obmoqtpaoa','2024-06-29 21:26:32','2024-06-29 21:26:32'),(441,NULL,'Sr. Gustavo Barreto Filho','jose63@example.org',NULL,NULL,NULL,'2024-06-29 21:26:32','$2y$12$V35.LJrhVkdadfcUn77tY.oqSsI3Wl7rxw1si0s39WfdoJI0ObP4e','y8d3OcBxy7','2024-06-29 21:26:32','2024-06-29 21:26:32'),(442,NULL,'Valéria Sheila Paz','azevedo.sophia@example.org',NULL,NULL,NULL,'2024-06-29 21:26:32','$2y$12$V35.LJrhVkdadfcUn77tY.oqSsI3Wl7rxw1si0s39WfdoJI0ObP4e','Gk58ZUwELW','2024-06-29 21:26:32','2024-06-29 21:26:32'),(443,NULL,'Aaron César das Dores Jr.','gael.bonilha@example.org',NULL,NULL,NULL,'2024-06-29 21:26:32','$2y$12$V35.LJrhVkdadfcUn77tY.oqSsI3Wl7rxw1si0s39WfdoJI0ObP4e','zBjb6OAvy9','2024-06-29 21:26:32','2024-06-29 21:26:32'),(444,NULL,'Emily Verdugo','medina.daniel@example.net',NULL,NULL,NULL,'2024-06-29 21:26:32','$2y$12$V35.LJrhVkdadfcUn77tY.oqSsI3Wl7rxw1si0s39WfdoJI0ObP4e','D8Zb5aihiq','2024-06-29 21:26:32','2024-06-29 21:26:32'),(445,NULL,'Kelly Estrada Neto','rico.sheila@example.com',NULL,NULL,NULL,'2024-06-29 21:26:33','$2y$12$7q7T2wXlOAxGMB5jnGSTNu0qOFWpwHkPspEJY19Y2awwTlOecNja6','YfMPVyaGnc','2024-06-29 21:26:33','2024-06-29 21:26:33'),(446,NULL,'Dr. Juliana Urias','yuri.vega@example.org',NULL,NULL,NULL,'2024-06-29 21:26:33','$2y$12$7q7T2wXlOAxGMB5jnGSTNu0qOFWpwHkPspEJY19Y2awwTlOecNja6','yJkGeCBa5v','2024-06-29 21:26:33','2024-06-29 21:26:33'),(447,NULL,'Sr. Deivid Danilo Barros Sobrinho','qfranco@example.org',NULL,NULL,NULL,'2024-06-29 21:26:33','$2y$12$7q7T2wXlOAxGMB5jnGSTNu0qOFWpwHkPspEJY19Y2awwTlOecNja6','hiQvkJVK5t','2024-06-29 21:26:33','2024-06-29 21:26:33'),(448,NULL,'Vinícius Dias Fidalgo Jr.','ugomes@example.net',NULL,NULL,NULL,'2024-06-29 21:26:33','$2y$12$7q7T2wXlOAxGMB5jnGSTNu0qOFWpwHkPspEJY19Y2awwTlOecNja6','nbP07R072H','2024-06-29 21:26:33','2024-06-29 21:26:33'),(449,NULL,'Milene Márcia Mascarenhas','pmaia@example.org',NULL,NULL,NULL,'2024-06-29 21:26:33','$2y$12$7q7T2wXlOAxGMB5jnGSTNu0qOFWpwHkPspEJY19Y2awwTlOecNja6','gtpGplh6nh','2024-06-29 21:26:33','2024-06-29 21:26:33'),(450,NULL,'Sr. Moisés Eduardo Rodrigues','alexandre06@example.com',NULL,NULL,NULL,'2024-06-29 21:26:33','$2y$12$7q7T2wXlOAxGMB5jnGSTNu0qOFWpwHkPspEJY19Y2awwTlOecNja6','6OlKcRZdbw','2024-06-29 21:26:33','2024-06-29 21:26:33'),(451,NULL,'Sra. Bianca Ferreira Prado','sandra.solano@example.com',NULL,NULL,NULL,'2024-06-29 21:26:33','$2y$12$7q7T2wXlOAxGMB5jnGSTNu0qOFWpwHkPspEJY19Y2awwTlOecNja6','0NgEdAgoov','2024-06-29 21:26:33','2024-06-29 21:26:33'),(452,NULL,'Regiane Irene Pena Jr.','xsanches@example.com',NULL,NULL,NULL,'2024-06-29 21:26:33','$2y$12$7q7T2wXlOAxGMB5jnGSTNu0qOFWpwHkPspEJY19Y2awwTlOecNja6','iR4lnQhcr6','2024-06-29 21:26:33','2024-06-29 21:26:33'),(453,NULL,'Sr. Jonas Antônio Valência Jr.','debora35@example.org',NULL,NULL,NULL,'2024-06-29 21:26:33','$2y$12$7q7T2wXlOAxGMB5jnGSTNu0qOFWpwHkPspEJY19Y2awwTlOecNja6','gyB37HbKyF','2024-06-29 21:26:33','2024-06-29 21:26:33'),(454,NULL,'Srta. Natália Marin Branco','gabrielly.carmona@example.net',NULL,NULL,NULL,'2024-06-29 21:26:33','$2y$12$7q7T2wXlOAxGMB5jnGSTNu0qOFWpwHkPspEJY19Y2awwTlOecNja6','zVyrKghFrd','2024-06-29 21:26:33','2024-06-29 21:26:33'),(455,NULL,'Dr. Thiago Caldeira Carmona','vanessa.velasques@example.com',NULL,NULL,NULL,'2024-06-29 21:26:34','$2y$12$V9v1ez.NQFoBaCQesgTMFeFoozpG/nwkSUg.7dxdXAec3LVCnBK9y','rMVf9FWt8E','2024-06-29 21:26:34','2024-06-29 21:26:34'),(456,NULL,'Heloise Valdez','nbranco@example.com',NULL,NULL,NULL,'2024-06-29 21:26:34','$2y$12$V9v1ez.NQFoBaCQesgTMFeFoozpG/nwkSUg.7dxdXAec3LVCnBK9y','lfOhZxygtc','2024-06-29 21:26:34','2024-06-29 21:26:34'),(457,NULL,'Dr. Danielle Fontes Valente','sabrina54@example.com',NULL,NULL,NULL,'2024-06-29 21:26:34','$2y$12$V9v1ez.NQFoBaCQesgTMFeFoozpG/nwkSUg.7dxdXAec3LVCnBK9y','eOf45c97ky','2024-06-29 21:26:34','2024-06-29 21:26:34'),(458,NULL,'Dr. Liz Fidalgo Jr.','saulo.deverso@example.com',NULL,NULL,NULL,'2024-06-29 21:26:34','$2y$12$V9v1ez.NQFoBaCQesgTMFeFoozpG/nwkSUg.7dxdXAec3LVCnBK9y','eN4mShugue','2024-06-29 21:26:34','2024-06-29 21:26:34'),(459,NULL,'Gabriel Assunção Rosa','gurias@example.org',NULL,NULL,NULL,'2024-06-29 21:26:34','$2y$12$V9v1ez.NQFoBaCQesgTMFeFoozpG/nwkSUg.7dxdXAec3LVCnBK9y','pWZin844w4','2024-06-29 21:26:34','2024-06-29 21:26:34'),(460,NULL,'Srta. Adriana Caldeira Jr.','natan74@example.com',NULL,NULL,NULL,'2024-06-29 21:26:34','$2y$12$V9v1ez.NQFoBaCQesgTMFeFoozpG/nwkSUg.7dxdXAec3LVCnBK9y','Y46z0rEzHq','2024-06-29 21:26:34','2024-06-29 21:26:34'),(461,NULL,'Carla Santos Abreu Jr.','julieta.vale@example.com',NULL,NULL,NULL,'2024-06-29 21:26:34','$2y$12$V9v1ez.NQFoBaCQesgTMFeFoozpG/nwkSUg.7dxdXAec3LVCnBK9y','oftrcQtMEa','2024-06-29 21:26:35','2024-06-29 21:26:35'),(462,NULL,'Antônio Valdez Jr.','luciano12@example.org',NULL,NULL,NULL,'2024-06-29 21:26:34','$2y$12$V9v1ez.NQFoBaCQesgTMFeFoozpG/nwkSUg.7dxdXAec3LVCnBK9y','bB4LRKOJkk','2024-06-29 21:26:35','2024-06-29 21:26:35'),(463,NULL,'Dr. Renata Noemi Leon','ellen.burgos@example.com',NULL,NULL,NULL,'2024-06-29 21:26:34','$2y$12$V9v1ez.NQFoBaCQesgTMFeFoozpG/nwkSUg.7dxdXAec3LVCnBK9y','A1RYLWf8k9','2024-06-29 21:26:35','2024-06-29 21:26:35'),(464,NULL,'Dr. Débora Sheila Rico Neto','emanuel04@example.org',NULL,NULL,NULL,'2024-06-29 21:26:34','$2y$12$V9v1ez.NQFoBaCQesgTMFeFoozpG/nwkSUg.7dxdXAec3LVCnBK9y','B9n2Ci955G','2024-06-29 21:26:35','2024-06-29 21:26:35'),(465,NULL,'Sr. Simon Enzo Zambrano Sobrinho','furtado.daniele@example.com',NULL,NULL,NULL,'2024-06-29 21:26:35','$2y$12$QtA/8umYsaiIKltJ5sgXOOH0nzUrleQxLfI8t3g2VIUXe4xi81/iO','ZdiBQoRWOv','2024-06-29 21:26:35','2024-06-29 21:26:35'),(466,NULL,'Nicolas Saraiva Benites','gisele.valente@example.com',NULL,NULL,NULL,'2024-06-29 21:26:35','$2y$12$QtA/8umYsaiIKltJ5sgXOOH0nzUrleQxLfI8t3g2VIUXe4xi81/iO','rULk7AtPMp','2024-06-29 21:26:35','2024-06-29 21:26:35'),(467,NULL,'Violeta Carla Oliveira','eunice52@example.net',NULL,NULL,NULL,'2024-06-29 21:26:35','$2y$12$QtA/8umYsaiIKltJ5sgXOOH0nzUrleQxLfI8t3g2VIUXe4xi81/iO','GwalNnDwcG','2024-06-29 21:26:35','2024-06-29 21:26:35'),(468,NULL,'Sra. Karina Salas Leon','qurias@example.com',NULL,NULL,NULL,'2024-06-29 21:26:35','$2y$12$QtA/8umYsaiIKltJ5sgXOOH0nzUrleQxLfI8t3g2VIUXe4xi81/iO','hwg6Die9G4','2024-06-29 21:26:35','2024-06-29 21:26:35'),(469,NULL,'Srta. Márcia Luzia da Rosa','wpaes@example.org',NULL,NULL,NULL,'2024-06-29 21:26:35','$2y$12$QtA/8umYsaiIKltJ5sgXOOH0nzUrleQxLfI8t3g2VIUXe4xi81/iO','T37RX6R3ZT','2024-06-29 21:26:35','2024-06-29 21:26:35'),(470,NULL,'Sr. André Dominato Medina','jessica62@example.org',NULL,NULL,NULL,'2024-06-29 21:26:35','$2y$12$QtA/8umYsaiIKltJ5sgXOOH0nzUrleQxLfI8t3g2VIUXe4xi81/iO','gt9L7jxSBN','2024-06-29 21:26:35','2024-06-29 21:26:35'),(471,NULL,'Dr. Sergio Gonçalves Sobrinho','lorenzo.pontes@example.org',NULL,NULL,NULL,'2024-06-29 21:26:35','$2y$12$QtA/8umYsaiIKltJ5sgXOOH0nzUrleQxLfI8t3g2VIUXe4xi81/iO','ZIzeb7CYUH','2024-06-29 21:26:35','2024-06-29 21:26:35'),(472,NULL,'Renan Sanches','queiros.regiane@example.com',NULL,NULL,NULL,'2024-06-29 21:26:35','$2y$12$QtA/8umYsaiIKltJ5sgXOOH0nzUrleQxLfI8t3g2VIUXe4xi81/iO','6Qkvq4mmSg','2024-06-29 21:26:35','2024-06-29 21:26:35'),(473,NULL,'Simão Dener Ortega Filho','deoliveira.carolina@example.org',NULL,NULL,NULL,'2024-06-29 21:26:35','$2y$12$QtA/8umYsaiIKltJ5sgXOOH0nzUrleQxLfI8t3g2VIUXe4xi81/iO','Qv9y0EFYBc','2024-06-29 21:26:35','2024-06-29 21:26:35'),(474,NULL,'Dr. Janaina Talita Leon','martines.renan@example.org',NULL,NULL,NULL,'2024-06-29 21:26:35','$2y$12$QtA/8umYsaiIKltJ5sgXOOH0nzUrleQxLfI8t3g2VIUXe4xi81/iO','9LVpKbgBWx','2024-06-29 21:26:35','2024-06-29 21:26:35');
/*!40000 ALTER TABLE `users` ENABLE KEYS */;
UNLOCK TABLES;

--
-- Dumping routines for database 'aeromot_rh'
--
/*!40103 SET TIME_ZONE=@OLD_TIME_ZONE */;

/*!40101 SET SQL_MODE=@OLD_SQL_MODE */;
/*!40014 SET FOREIGN_KEY_CHECKS=@OLD_FOREIGN_KEY_CHECKS */;
/*!40014 SET UNIQUE_CHECKS=@OLD_UNIQUE_CHECKS */;
/*!40101 SET CHARACTER_SET_CLIENT=@OLD_CHARACTER_SET_CLIENT */;
/*!40101 SET CHARACTER_SET_RESULTS=@OLD_CHARACTER_SET_RESULTS */;
/*!40101 SET COLLATION_CONNECTION=@OLD_COLLATION_CONNECTION */;
/*!40111 SET SQL_NOTES=@OLD_SQL_NOTES */;

-- Dump completed on 2024-06-29 19:09:25
